player_id,name,full_name,first_name,last_name,wiki_name,position,position_abbr,jersey_number,age,height,weight,birth_place,birth_date,nationality,team_id,team_name
289824,Djordje Petrovic,Djordje Petrovic,Djordje,Petrovic,Djordje_Petrovic,Goalkeeper,G,1,26,"6' 4""",194 lbs,,1999-10-08T07:00Z,Serbia,349,AFC Bournemouth
291269,William Dennis,William Dennis,William,Dennis,William_Dennis,Goalkeeper,G,40,25,"6' 2""",183 lbs,,2000-07-10T07:00Z,England,349,AFC Bournemouth
357153,Callan Mckenna,Callan Mckenna,Callan,Mckenna,Callan_Mckenna,Goalkeeper,G,46,18,"6' 2""",168 lbs,,2006-12-22T08:00Z,Scotland,349,AFC Bournemouth
122268,Adam Smith,Adam Smith,Adam,Smith,Adam_Smith,Defender,D,15,34,"5' 11""",172 lbs,,1991-04-29T07:00Z,England,349,AFC Bournemouth
233945,Marcos Senesi,Marcos Senesi,Marcos,Senesi,Marcos_Senesi,Defender,D,5,28,"6' 1""",174 lbs,,1997-05-10T07:00Z,Argentina,349,AFC Bournemouth
279155,James Hill,James Hill,James,Hill,James_Hill,Defender,D,23,23,"6' 0""",161 lbs,,2002-01-10T08:00Z,England,349,AFC Bournemouth
280764,Julián Araujo,Julián Araujo,Julián,Araujo,Julián_Araujo,Defender,D,2,24,"5' 9""",152 lbs,,2001-08-13T07:00Z,Mexico,349,AFC Bournemouth
282675,Bafodé Diakité,Bafodé Diakité,Bafodé,Diakité,Bafodé_Diakité,Defender,D,18,24,"6' 1""",161 lbs,,2001-01-06T08:00Z,France,349,AFC Bournemouth
305684,Adrien Truffert,Adrien Truffert,Adrien,Truffert,Adrien_Truffert,Defender,D,3,23,"5' 9""",159 lbs,,2001-11-20T08:00Z,France,349,AFC Bournemouth
337023,Matai Akinmboni,Matai Akinmboni,Matai,Akinmboni,Matai_Akinmboni,Defender,D,45,19,"6' 3""",170 lbs,,2006-10-17T07:00Z,USA,349,AFC Bournemouth
339797,Julio Soler,Julio Soler,Julio,Soler,Julio_Soler,Defender,D,6,20,"5' 9""",148 lbs,,2005-02-16T08:00Z,Argentina,349,AFC Bournemouth
348298,Owen Bevan,Owen Bevan,Owen,Bevan,Owen_Bevan,Defender,D,35,22,"6' 1""",,,2003-10-26T07:00Z,Wales,349,AFC Bournemouth
367861,Álex Jiménez,Álex Jiménez,Álex,Jiménez,Álex_Jiménez,Defender,D,20,20,"5' 10""",161 lbs,,2005-05-08T07:00Z,Spain,349,AFC Bournemouth
377736,Veljko Milosavljevic,Veljko Milosavljevic,Veljko,Milosavljevic,Veljko_Milosavljevic,Defender,D,44,18,"6' 4""",,,2007-06-28T07:00Z,Serbia,349,AFC Bournemouth
72487,David Brooks,David Brooks,David,Brooks,David_Brooks,Midfielder,M,7,28,"5' 8""",137 lbs,,1997-07-08T07:00Z,Wales,349,AFC Bournemouth
93435,Ryan Christie,Ryan Christie,Ryan,Christie,Ryan_Christie,Midfielder,M,10,30,"5' 10""",152 lbs,,1995-02-22T08:00Z,Scotland,349,AFC Bournemouth
222776,Tyler Adams,Tyler Adams,Tyler,Adams,Tyler_Adams,Midfielder,M,12,26,"5' 9""",159 lbs,,1999-02-14T08:00Z,USA,349,AFC Bournemouth
223452,Lewis Cook,Lewis Cook,Lewis,Cook,Lewis_Cook,Midfielder,M,4,28,"5' 9""",157 lbs,,1997-02-03T08:00Z,England,349,AFC Bournemouth
243364,Marcus Tavernier,Marcus Tavernier,Marcus,Tavernier,Marcus_Tavernier,Midfielder,M,16,26,"5' 10""",152 lbs,,1999-03-22T08:00Z,England,349,AFC Bournemouth
314790,Alex Scott,Alex Scott,Alex,Scott,Alex_Scott,Midfielder,M,8,22,"5' 10""",150 lbs,,2003-08-21T07:00Z,England,349,AFC Bournemouth
102368,Evanilson,Evanilson,Evanilson,,Evanilson,Forward,F,9,26,"6' 0""",174 lbs,,1999-10-06T07:00Z,Brazil,349,AFC Bournemouth
218122,Enes Ünal,Enes Ünal,Enes,Ünal,Enes_Ünal,Forward,F,26,28,"6' 2""",172 lbs,,1997-05-10T07:00Z,Turkey,349,AFC Bournemouth
245916,Justin Kluivert,Justin Kluivert,Justin,Kluivert,Justin_Kluivert,Forward,F,19,26,"5' 7""",148 lbs,,1999-05-05T07:00Z,Netherlands,349,AFC Bournemouth
273292,Antoine Semenyo,Antoine Semenyo,Antoine,Semenyo,Antoine_Semenyo,Forward,F,24,25,"6' 1""",172 lbs,,2000-01-07T08:00Z,Ghana,349,AFC Bournemouth
291613,Amine Adli,Amine Adli,Amine,Adli,Amine_Adli,Forward,F,21,25,"5' 9""",159 lbs,,2000-05-10T07:00Z,Morocco,349,AFC Bournemouth
332948,Ben Gannon Doak,Ben Gannon Doak,Ben,Gannon Doak,Ben_Gannon_Doak,Forward,F,11,19,"5' 9""",141 lbs,,2005-11-11T08:00Z,Scotland,349,AFC Bournemouth
361809,Eli Kroupi,Eli Kroupi,Eli,Kroupi,Eli_Kroupi,Forward,F,22,19,"5' 10""",152 lbs,,2006-06-23T07:00Z,France,349,AFC Bournemouth
398123,Remy Rees-Dottin,Remy Rees-Dottin,Remy,Rees-Dottin,Remy_Rees-Dottin,Forward,F,50,19,"5' 9""",168 lbs,,2006-03-06T08:00Z,England,349,AFC Bournemouth
169532,Kepa Arrizabalaga,Kepa Arrizabalaga,Kepa,Arrizabalaga,Kepa_Arrizabalaga,Goalkeeper,G,13,31,"6' 2""",183 lbs,,1994-10-03T07:00Z,Spain,359,Arsenal
196176,David Raya,David Raya,David,Raya,David_Raya,Goalkeeper,G,1,30,"6' 0""",174 lbs,,1995-09-15T07:00Z,Spain,359,Arsenal
341729,Alexei Rojas,Alexei Rojas,Alexei,Rojas,Alexei_Rojas,Goalkeeper,G,51,20,"6' 2""",170 lbs,,2005-09-28T07:00Z,Colombia,359,Arsenal
343573,Tommy Setford,Tommy Setford,Tommy,Setford,Tommy_Setford,Goalkeeper,G,35,19,"6' 1""",168 lbs,,2006-03-13T08:00Z,England,359,Arsenal
236322,Gabriel Magalhães,Gabriel Magalhães,Gabriel,Magalhães,Gabriel_Magalhães,Defender,D,6,27,"6' 3""",172 lbs,,1997-12-19T08:00Z,Brazil,359,Arsenal
241077,Ben White,Ben White,Ben,White,Ben_White,Defender,D,4,28,"6' 1""",168 lbs,,1997-10-08T07:00Z,England,359,Arsenal
277385,William Saliba,William Saliba,William,Saliba,William_Saliba,Defender,D,2,24,"6' 4""",203 lbs,,2001-03-24T08:00Z,France,359,Arsenal
282716,Jurriën Timber,Jurriën Timber,Jurriën,Timber,Jurriën_Timber,Defender,D,12,24,"5' 10""",172 lbs,,2001-06-17T07:00Z,Netherlands,359,Arsenal
292062,Piero Hincapié,Piero Hincapié,Piero,Hincapié,Piero_Hincapié,Defender,D,5,23,"6' 0""",170 lbs,,2002-01-09T08:00Z,Ecuador,359,Arsenal
298329,Riccardo Calafiori,Riccardo Calafiori,Riccardo,Calafiori,Riccardo_Calafiori,Defender,D,33,23,"6' 2""",190 lbs,,2002-05-19T07:00Z,Italy,359,Arsenal
328497,Cristhian Mosquera,Cristhian Mosquera,Cristhian,Mosquera,Cristhian_Mosquera,Defender,D,3,21,"6' 3""",172 lbs,,2004-06-27T07:00Z,Spain,359,Arsenal
352758,Myles Lewis-Skelly,Myles Lewis-Skelly,Myles,Lewis-Skelly,Myles_Lewis-Skelly,Defender,D,49,19,"5' 10""",159 lbs,,2006-09-26T07:00Z,England,359,Arsenal
178077,Christian Nørgaard,Christian Nørgaard,Christian,Nørgaard,Christian_Nørgaard,Midfielder,M,16,31,"6' 2""",161 lbs,,1994-03-10T08:00Z,Denmark,359,Arsenal
203669,Martin Ødegaard,Martin Ødegaard,Martin,Ødegaard,Martin_Ødegaard,Midfielder,M,8,26,"5' 10""",150 lbs,,1998-12-17T08:00Z,Norway,359,Arsenal
209581,Mikel Merino,Mikel Merino,Mikel,Merino,Mikel_Merino,Midfielder,M,23,29,"6' 2""",183 lbs,,1996-06-22T07:00Z,Spain,359,Arsenal
238262,Declan Rice,Declan Rice,Declan,Rice,Declan_Rice,Midfielder,M,41,26,"6' 2""",183 lbs,,1999-01-14T08:00Z,England,359,Arsenal
251400,Eberechi Eze,Eberechi Eze,Eberechi,Eze,Eberechi_Eze,Midfielder,M,10,27,"5' 10""",161 lbs,,1998-06-29T07:00Z,England,359,Arsenal
287266,Martín Zubimendi,Martín Zubimendi,Martín,Zubimendi,Martín_Zubimendi,Midfielder,M,36,26,"5' 11""",161 lbs,,1999-02-02T08:00Z,Spain,359,Arsenal
349733,Ethan Nwaneri,Ethan Nwaneri,Ethan,Nwaneri,Ethan_Nwaneri,Midfielder,M,22,18,"5' 9""",152 lbs,,2007-03-21T07:00Z,England,359,Arsenal
397263,Max Dowman,Max Dowman,Max,Dowman,Max_Dowman,Midfielder,M,56,15,"6' 0""",,,2009-12-31T08:00Z,England,359,Arsenal
174980,Leandro Trossard,Leandro Trossard,Leandro,Trossard,Leandro_Trossard,Forward,F,19,30,"5' 8""",132 lbs,,1994-12-04T08:00Z,Belgium,359,Arsenal
217289,Gabriel Jesus,Gabriel Jesus,Gabriel,Jesus,Gabriel_Jesus,Forward,F,9,28,"5' 9""",161 lbs,,1997-04-03T08:00Z,Brazil,359,Arsenal
231182,Kai Havertz,Kai Havertz,Kai,Havertz,Kai_Havertz,Forward,F,29,26,"6' 4""",183 lbs,,1999-06-11T07:00Z,Germany,359,Arsenal
258906,Viktor Gyökeres,Viktor Gyökeres,Viktor,Gyökeres,Viktor_Gyökeres,Forward,F,14,27,"6' 2""",196 lbs,,1998-06-04T07:00Z,Sweden,359,Arsenal
269844,Gabriel Martinelli,Gabriel Martinelli,Gabriel,Martinelli,Gabriel_Martinelli,Forward,F,11,24,"5' 10""",163 lbs,,2001-06-18T07:00Z,Brazil,359,Arsenal
280555,Bukayo Saka,Bukayo Saka,Bukayo,Saka,Bukayo_Saka,Forward,F,7,24,"5' 10""",159 lbs,,2001-09-05T07:00Z,England,359,Arsenal
293236,Noni Madueke,Noni Madueke,Noni,Madueke,Noni_Madueke,Forward,F,20,23,"6' 0""",163 lbs,,2002-03-10T08:00Z,England,359,Arsenal
329556,Charles Sagoe Junior,Charles Sagoe Junior,Charles,Sagoe Junior,Charles_Sagoe_Junior,Forward,F,53,21,,,,2004-07-24T07:00Z,England,359,Arsenal
390975,Andre Annous,Andre Annous,Andre,Annous,Andre_Annous,Forward,F,71,17,"5' 11""",,,2007-12-28T08:00Z,England,359,Arsenal
132233,Marco Bizot,Marco Bizot,Marco,Bizot,Marco_Bizot,Goalkeeper,G,40,34,"6' 4""",192 lbs,,1991-03-10T08:00Z,Netherlands,362,Aston Villa
158626,Emiliano Martínez,Emiliano Martínez,Emiliano,Martínez,Emiliano_Martínez,Goalkeeper,G,23,33,"6' 5""",192 lbs,,1992-09-02T07:00Z,Argentina,362,Aston Villa
235319,James Wright,James Wright,James,Wright,James_Wright,Goalkeeper,G,64,20,"6' 2""",,,2004-12-02T08:00Z,England,362,Aston Villa
368316,Sam Proctor,Sam Proctor,Sam,Proctor,Sam_Proctor,Goalkeeper,G,52,18,"6' 2""",,,2006-12-21T08:00Z,England,362,Aston Villa
409811,Rhys Oakley,Rhys Oakley,Rhys,Oakley,Rhys_Oakley,Goalkeeper,G,95,17,"6' 4""",,,2008-09-16T07:00Z,England,362,Aston Villa
160115,Lucas Digne,Lucas Digne,Lucas,Digne,Lucas_Digne,Defender,D,12,32,"5' 10""",161 lbs,,1993-07-20T07:00Z,France,362,Aston Villa
181312,Tyrone Mings,Tyrone Mings,Tyrone,Mings,Tyrone_Mings,Defender,D,5,32,"6' 5""",170 lbs,,1993-03-13T08:00Z,England,362,Aston Villa
204679,Victor Lindelöf,Victor Lindelöf,Victor,Lindelöf,Victor_Lindelöf,Defender,D,3,31,"6' 2""",174 lbs,,1994-07-17T07:00Z,Sweden,362,Aston Villa
231859,Ezri Konsa,Ezri Konsa,Ezri,Konsa,Ezri_Konsa,Defender,D,4,28,"6' 0""",161 lbs,,1997-10-23T07:00Z,England,362,Aston Villa
234698,Matty Cash,Matty Cash,Matty,Cash,Matty_Cash,Defender,D,2,28,"6' 1""",172 lbs,,1997-08-07T07:00Z,Poland,362,Aston Villa
251100,Pau Torres,Pau Torres,Pau,Torres,Pau_Torres,Defender,D,14,28,"6' 3""",174 lbs,,1997-01-16T08:00Z,Spain,362,Aston Villa
281125,Ian Maatsen,Ian Maatsen,Ian,Maatsen,Ian_Maatsen,Defender,D,22,23,"5' 10""",126 lbs,,2002-03-10T08:00Z,Netherlands,362,Aston Villa
310607,Lamare Bogarde,Lamare Bogarde,Lamare,Bogarde,Lamare_Bogarde,Defender,D,26,21,"6' 0""",168 lbs,,2004-01-05T08:00Z,Netherlands,362,Aston Villa
329187,Travis Patterson,Travis Patterson,Travis,Patterson,Travis_Patterson,Defender,D,55,20,"5' 10""",139 lbs,,2005-10-06T07:00Z,England,362,Aston Villa
356080,Andrés García,Andrés García,Andrés,García,Andrés_García,Defender,D,16,22,"6' 1""",170 lbs,,2003-02-07T08:00Z,Spain,362,Aston Villa
152469,Ross Barkley,Ross Barkley,Ross,Barkley,Ross_Barkley,Midfielder,M,6,31,"6' 2""",168 lbs,,1993-12-05T08:00Z,England,362,Aston Villa
162843,John McGinn,John McGinn,John,McGinn,John_McGinn,Midfielder,M,7,31,"5' 10""",150 lbs,,1994-10-18T07:00Z,Scotland,362,Aston Villa
193297,Youri Tielemans,Youri Tielemans,Youri,Tielemans,Youri_Tielemans,Midfielder,M,8,28,"5' 9""",159 lbs,,1997-05-07T07:00Z,Belgium,362,Aston Villa
214375,Emiliano Buendía,Emiliano Buendía,Emiliano,Buendía,Emiliano_Buendía,Midfielder,M,10,28,"5' 8""",159 lbs,,1996-12-25T08:00Z,Argentina,362,Aston Villa
250936,Boubacar Kamara,Boubacar Kamara,Boubacar,Kamara,Boubacar_Kamara,Midfielder,M,44,25,"6' 0""",150 lbs,,1999-11-23T08:00Z,France,362,Aston Villa
280806,Harvey Elliott,Harvey Elliott,Harvey,Elliott,Harvey_Elliott,Midfielder,M,9,22,"5' 7""",139 lbs,,2003-04-04T08:00Z,England,362,Aston Villa
304799,Amadou Onana,Amadou Onana,Amadou,Onana,Amadou_Onana,Midfielder,M,24,24,"6' 5""",168 lbs,,2001-08-16T07:00Z,Belgium,362,Aston Villa
369870,Ben Broggio,Ben Broggio,Ben,Broggio,Ben_Broggio,Midfielder,M,62,18,"5' 11""",163 lbs,,2007-01-29T08:00Z,England,362,Aston Villa
372939,Aidan Borland,Aidan Borland,Aidan,Borland,Aidan_Borland,Midfielder,M,54,18,"5' 10""",141 lbs,,2007-04-25T07:00Z,Scotland,362,Aston Villa
377820,Jamaldeen Jimoh,Jamaldeen Jimoh,Jamaldeen,Jimoh,Jamaldeen_Jimoh,Midfielder,M,20,19,"6' 0""",157 lbs,,2006-10-02T07:00Z,England,362,Aston Villa
393425,Bradley Burrowes,Bradley Burrowes,Bradley,Burrowes,Bradley_Burrowes,Midfielder,M,83,17,"5' 7""",,,2008-03-04T08:00Z,England,362,Aston Villa
198825,Ollie Watkins,Ollie Watkins,Ollie,Watkins,Ollie_Watkins,Forward,F,11,29,"5' 11""",163 lbs,,1995-12-30T08:00Z,England,362,Aston Villa
259481,Donyell Malen,Donyell Malen,Donyell,Malen,Donyell_Malen,Forward,F,17,26,"5' 9""",150 lbs,,1999-01-19T08:00Z,Netherlands,362,Aston Villa
259836,Jadon Sancho,Jadon Sancho,Jadon,Sancho,Jadon_Sancho,Forward,F,19,25,"5' 11""",168 lbs,,2000-03-25T08:00Z,England,362,Aston Villa
265653,Morgan Rogers,Morgan Rogers,Morgan,Rogers,Morgan_Rogers,Forward,F,27,23,"6' 2""",174 lbs,,2002-07-26T07:00Z,England,362,Aston Villa
288924,Evann Guessand,Evann Guessand,Evann,Guessand,Evann_Guessand,Forward,F,29,24,"6' 1""",172 lbs,,2001-07-01T07:00Z,France,362,Aston Villa
249527,Ellery Balcombe,Ellery Balcombe,Ellery,Balcombe,Ellery_Balcombe,Goalkeeper,G,31,26,"6' 3""",203 lbs,,1999-10-15T07:00Z,England,337,Brentford
275599,Caoimhín Kelleher,Caoimhín Kelleher,Caoimhín,Kelleher,Caoimhín_Kelleher,Goalkeeper,G,1,26,"6' 2""",161 lbs,Cork,1998-11-23T08:00Z,Republic of Ireland,337,Brentford
307281,Matthew Cox,Matthew Cox,Matthew,Cox,Matthew_Cox,Goalkeeper,G,13,22,"6' 0""",139 lbs,,2003-05-02T07:00Z,England,337,Brentford
311527,Hákon Rafn Valdimarsson,Hákon Rafn Valdimarsson,Hákon Rafn,Valdimarsson,Hákon_Rafn_Valdimarsson,Goalkeeper,G,12,24,"6' 2""",194 lbs,,2001-10-13T07:00Z,Iceland,337,Brentford
368826,Julian Eyestone,Julian Eyestone,Julian,Eyestone,Julian_Eyestone,Goalkeeper,G,41,19,"6' 6""",214 lbs,,2006-04-21T07:00Z,USA,337,Brentford
206173,Kristoffer Ajer,Kristoffer Ajer,Kristoffer,Ajer,Kristoffer_Ajer,Defender,D,20,27,"6' 6""",203 lbs,,1998-04-17T07:00Z,Norway,337,Brentford
206761,Rico Henry,Rico Henry,Rico,Henry,Rico_Henry,Defender,D,3,28,"5' 7""",148 lbs,,1997-07-08T07:00Z,England,337,Brentford
241093,Ethan Pinnock,Ethan Pinnock,Ethan,Pinnock,Ethan_Pinnock,Defender,D,5,32,"6' 4""",172 lbs,,1993-05-29T07:00Z,Jamaica,337,Brentford
270507,Sepp van den Berg,Sepp van den Berg,Sepp,van den Berg,Sepp_van_den_Berg,Defender,D,4,23,"6' 2""",161 lbs,,2001-12-20T08:00Z,Netherlands,337,Brentford
279780,Nathan Collins,Nathan Collins,Nathan,Collins,Nathan_Collins,Defender,D,22,24,"6' 4""",183 lbs,,2001-04-30T07:00Z,Republic of Ireland,337,Brentford
283940,Aaron Hickey,Aaron Hickey,Aaron,Hickey,Aaron_Hickey,Defender,D,2,23,"5' 10""",159 lbs,,2002-06-10T07:00Z,Scotland,337,Brentford
356640,Michael Kayode,Michael Kayode,Michael,Kayode,Michael_Kayode,Defender,D,33,21,"5' 10""",161 lbs,,2004-07-10T07:00Z,Italy,337,Brentford
367447,Benjamin Arthur,Benjamin Arthur,Benjamin,Arthur,Benjamin_Arthur,Defender,D,43,20,"6' 2""",174 lbs,,2005-10-09T07:00Z,England,337,Brentford
127262,Jordan Henderson,Jordan Henderson,Jordan,Henderson,Jordan_Henderson,Midfielder,M,6,35,"6' 0""",172 lbs,,1990-06-17T07:00Z,England,337,Brentford
225564,Vitaly Janelt,Vitaly Janelt,Vitaly,Janelt,Vitaly_Janelt,Midfielder,M,27,27,"6' 0""",172 lbs,,1998-05-10T07:00Z,Germany,337,Brentford
227472,Mathias Jensen,Mathias Jensen,Mathias,Jensen,Mathias_Jensen,Midfielder,M,8,29,"5' 11""",159 lbs,,1996-01-01T08:00Z,Denmark,337,Brentford
231049,Fábio Carvalho,Fábio Carvalho,Fábio,Carvalho,Fábio_Carvalho,Midfielder,M,14,23,"5' 7""",137 lbs,,2002-08-30T07:00Z,Portugal,337,Brentford
246309,Josh Dasilva,Josh Dasilva,Josh,Dasilva,Josh_Dasilva,Midfielder,M,,27,"6' 0""",163 lbs,,1998-10-23T07:00Z,England,337,Brentford
258491,Frank Onyeka,Frank Onyeka,Frank,Onyeka,Frank_Onyeka,Midfielder,M,15,27,"6' 0""",152 lbs,,1998-01-01T08:00Z,Nigeria,337,Brentford
267458,Paris Maghoma,Paris Maghoma,Paris,Maghoma,Paris_Maghoma,Midfielder,M,32,24,"5' 11""",150 lbs,,2001-05-08T07:00Z,England,337,Brentford
306541,Myles Peart-Harris,Myles Peart-Harris,Myles,Peart-Harris,Myles_Peart-Harris,Midfielder,M,25,23,"6' 2""",174 lbs,,2002-09-18T07:00Z,England,337,Brentford
308932,Mikkel Damsgaard,Mikkel Damsgaard,Mikkel,Damsgaard,Mikkel_Damsgaard,Midfielder,M,24,25,"5' 11""",146 lbs,,2000-07-03T07:00Z,Denmark,337,Brentford
310958,Kevin Schade,Kevin Schade,Kevin,Schade,Kevin_Schade,Midfielder,M,7,23,"6' 0""",161 lbs,,2001-11-27T08:00Z,Germany,337,Brentford
321081,Antoni Milambo,Antoni Milambo,Antoni,Milambo,Antoni_Milambo,Midfielder,M,17,20,"5' 10""",150 lbs,,2005-04-03T08:00Z,Netherlands,337,Brentford
342029,Yehor Yarmoliuk,Yehor Yarmoliuk,Yehor,Yarmoliuk,Yehor_Yarmoliuk,Midfielder,M,18,21,"5' 11""",159 lbs,,2004-03-01T08:00Z,Ukraine,337,Brentford
357477,Romelle Donovan,Romelle Donovan,Romelle,Donovan,Romelle_Donovan,Midfielder,M,45,18,"5' 7""",,,2006-11-30T08:00Z,England,337,Brentford
366990,Yunus Konak,Yunus Konak,Yunus,Konak,Yunus_Konak,Midfielder,M,26,19,"5' 11""",168 lbs,,2006-01-10T08:00Z,,337,Brentford
227794,Reiss Nelson,Reiss Nelson,Reiss,Nelson,Reiss_Nelson,Forward,F,11,25,"5' 9""",157 lbs,,1999-12-10T08:00Z,England,337,Brentford
284490,Keane Lewis-Potter,Keane Lewis-Potter,Keane,Lewis-Potter,Keane_Lewis-Potter,Forward,F,23,24,"5' 7""",148 lbs,,2001-02-22T08:00Z,England,337,Brentford
301894,Igor Thiago,Igor Thiago,Igor,Thiago,Igor_Thiago,Forward,F,9,24,"6' 3""",185 lbs,,2001-06-26T07:00Z,Brazil,337,Brentford
315530,Dango Ouattara,Dango Ouattara,Dango,Ouattara,Dango_Ouattara,Forward,F,19,23,"5' 10""",157 lbs,,2002-02-11T08:00Z,Burkina Faso,337,Brentford
366004,Gustavo Nunes,Gustavo Nunes,Gustavo,Nunes,Gustavo_Nunes,Forward,F,39,19,"5' 8""",150 lbs,,2005-11-20T08:00Z,Brazil,337,Brentford
111114,Jason Steele,Jason Steele,Jason,Steele,Jason_Steele,Goalkeeper,G,23,35,"6' 2""",172 lbs,,1990-08-18T07:00Z,England,331,Brighton & Hove Albion
248761,Tom McGill,Tom McGill,Tom,McGill,Tom_McGill,Goalkeeper,G,38,25,"6' 1""",174 lbs,,2000-03-25T08:00Z,Canada,331,Brighton & Hove Albion
291609,Bart Verbruggen,Bart Verbruggen,Bart,Verbruggen,Bart_Verbruggen,Goalkeeper,G,1,23,"6' 4""",146 lbs,,2002-08-18T07:00Z,Netherlands,331,Brighton & Hove Albion
376499,Nils Ramming,Nils Ramming,Nils,Ramming,Nils_Ramming,Goalkeeper,G,62,18,"6' 3""",174 lbs,,2007-03-28T07:00Z,Sweden,331,Brighton & Hove Albion
17828,Adam Webster,Adam Webster,Adam,Webster,Adam_Webster,Defender,D,4,30,"6' 3""",163 lbs,,1995-01-04T08:00Z,England,331,Brighton & Hove Albion
147106,Lewis Dunk,Lewis Dunk,Lewis,Dunk,Lewis_Dunk,Defender,D,5,33,"6' 4""",192 lbs,,1991-11-21T08:00Z,England,331,Brighton & Hove Albion
170597,Joël Veltman,Joël Veltman,Joël,Veltman,Joël_Veltman,Defender,D,34,33,"6' 0""",163 lbs,,1992-01-15T08:00Z,Netherlands,331,Brighton & Hove Albion
216017,Olivier Boscagli,Olivier Boscagli,Olivier,Boscagli,Olivier_Boscagli,Defender,D,21,27,"5' 11""",150 lbs,,1997-11-18T08:00Z,France,331,Brighton & Hove Albion
238318,Ferdi Kadioglu,Ferdi Kadioglu,Ferdi,Kadioglu,Ferdi_Kadioglu,Defender,D,24,26,"5' 9""",150 lbs,,1999-10-07T07:00Z,Turkey,331,Brighton & Hove Albion
282583,Jan Paul van Hecke,Jan Paul van Hecke,Jan Paul,van Hecke,Jan_Paul_van_Hecke,Defender,D,6,25,"6' 2""",172 lbs,,2000-06-08T07:00Z,Netherlands,331,Brighton & Hove Albion
301327,Maxim De Cuyper,Maxim De Cuyper,Maxim,De Cuyper,Maxim_De_Cuyper,Defender,D,29,24,"6' 0""",159 lbs,,2000-12-22T08:00Z,Belgium,331,Brighton & Hove Albion
332549,Diego Coppola,Diego Coppola,Diego,Coppola,Diego_Coppola,Defender,D,42,21,"6' 4""",172 lbs,,2003-12-28T08:00Z,Italy,331,Brighton & Hove Albion
371698,Charlie Tasker,Charlie Tasker,Charlie,Tasker,Charlie_Tasker,Defender,D,51,19,"6' 1""",,,2006-02-24T08:00Z,England,331,Brighton & Hove Albion
372020,Freddie Simmonds,Freddie Simmonds,Freddie,Simmonds,Freddie_Simmonds,Defender,D,71,17,"6' 2""",,,2008-03-09T08:00Z,England,331,Brighton & Hove Albion
26843,James Milner,James Milner,James,Milner,James_Milner,Midfielder,M,20,39,"5' 9""",152 lbs,,1986-01-04T08:00Z,England,331,Brighton & Hove Albion
192278,Diego Gómez,Diego Gómez,Diego,Gómez,Diego_Gómez,Midfielder,M,25,22,"6' 0""",170 lbs,,2003-03-27T08:00Z,Paraguay,331,Brighton & Hove Albion
223445,Solly March,Solly March,Solly,March,Solly_March,Midfielder,M,7,31,"5' 11""",192 lbs,,1994-07-20T07:00Z,England,331,Brighton & Hove Albion
274278,Kaoru Mitoma,Kaoru Mitoma,Kaoru,Mitoma,Kaoru_Mitoma,Midfielder,M,22,28,"5' 10""",161 lbs,,1997-05-20T07:00Z,Japan,331,Brighton & Hove Albion
282186,Mats Wieffer,Mats Wieffer,Mats,Wieffer,Mats_Wieffer,Midfielder,M,27,25,"6' 2""",172 lbs,,1999-11-16T08:00Z,Netherlands,331,Brighton & Hove Albion
304242,Yasin Ayari,Yasin Ayari,Yasin,Ayari,Yasin_Ayari,Midfielder,M,26,22,"5' 8""",150 lbs,,2003-10-06T07:00Z,Sweden,331,Brighton & Hove Albion
328011,Jack Hinshelwood,Jack Hinshelwood,Jack,Hinshelwood,Jack_Hinshelwood,Midfielder,M,13,20,"5' 11""",168 lbs,,2005-04-11T07:00Z,England,331,Brighton & Hove Albion
338814,Carlos Baleba,Carlos Baleba,Carlos,Baleba,Carlos_Baleba,Midfielder,M,17,21,"5' 10""",161 lbs,,2004-01-03T08:00Z,Cameroon,331,Brighton & Hove Albion
357683,Brajan Gruda,Brajan Gruda,Brajan,Gruda,Brajan_Gruda,Midfielder,M,8,21,"5' 10""",152 lbs,,2004-05-31T07:00Z,Germany,331,Brighton & Hove Albion
374056,Joe Knight,Joe Knight,Joe,Knight,Joe_Knight,Midfielder,M,49,20,"5' 5""",,,2005-09-21T07:00Z,England,331,Brighton & Hove Albion
378530,Harry Howell,Harry Howell,Harry,Howell,Harry_Howell,Midfielder,M,53,17,"5' 11""",,,2008-04-20T07:00Z,England,331,Brighton & Hove Albion
115271,Danny Welbeck,Danny Welbeck,Danny,Welbeck,Danny_Welbeck,Forward,F,18,34,"6' 1""",161 lbs,,1990-11-26T08:00Z,England,331,Brighton & Hove Albion
278061,Georginio Rutter,Georginio Rutter,Georginio,Rutter,Georginio_Rutter,Forward,F,10,23,"6' 0""",183 lbs,,2002-04-20T07:00Z,France,331,Brighton & Hove Albion
348787,Yankuba Minteh,Yankuba Minteh,Yankuba,Minteh,Yankuba_Minteh,Forward,F,11,21,"5' 11""",141 lbs,,2004-07-22T07:00Z,Gambia,331,Brighton & Hove Albion
357165,Stefanos Tzimas,Stefanos Tzimas,Stefanos,Tzimas,Stefanos_Tzimas,Forward,F,9,19,"6' 1""",170 lbs,,2006-01-06T08:00Z,Greece,331,Brighton & Hove Albion
387655,Charalambos Kostoulas,Charalambos Kostoulas,Charalampos,Kostoulas,Charalambos_Kostoulas,Forward,F,19,18,"6' 1""",,,2007-05-30T07:00Z,Greece,331,Brighton & Hove Albion
399697,Nehemiah Oriola,Nehemiah Oriola,Nehemiah,Oriola,Nehemiah_Oriola,Forward,F,58,18,,,,2007-06-11T07:00Z,England,331,Brighton & Hove Albion
403702,Tom Watson,Tom Watson,Tom,Watson,Tom_Watson,Forward,F,14,19,"5' 6""",139 lbs,,2006-04-08T07:00Z,England,331,Brighton & Hove Albion
126703,Martin Dúbravka,Martin Dúbravka,Martin,Dúbravka,Martin_Dúbravka,Goalkeeper,G,1,36,"6' 3""",183 lbs,,1989-01-15T08:00Z,Slovakia,379,Burnley
223246,Václav Hladky,Václav Hladky,Václav,Hladky,Václav_Hladky,Goalkeeper,G,32,34,"6' 4""",174 lbs,,1990-11-14T08:00Z,Czechia,379,Burnley
329987,Max Weiß,Max Weiß,Max,Weiß,Max_Weiß,Goalkeeper,G,13,21,"6' 3""",183 lbs,,2004-06-15T07:00Z,Germany,379,Burnley
129358,Kyle Walker,Kyle Walker,Kyle,Walker,Kyle_Walker,Defender,D,2,35,"6' 0""",174 lbs,,1990-05-28T07:00Z,England,379,Burnley
177110,Connor Roberts,Connor Roberts,Connor,Roberts,Connor_Roberts,Defender,D,14,30,"5' 9""",159 lbs,,1995-09-23T07:00Z,Wales,379,Burnley
229524,Axel Tuanzebe,Axel Tuanzebe,Axel,Tuanzebe,Axel_Tuanzebe,Defender,D,6,27,"6' 1""",163 lbs,,1997-11-14T08:00Z,Congo DR,379,Burnley
232291,Joe Worrall,Joe Worrall,Joe,Worrall,Joe_Worrall,Defender,D,4,28,"6' 4""",139 lbs,,1997-01-10T08:00Z,England,379,Burnley
252521,Hannes Delcroix,Hannes Delcroix,Hannes,Delcroix,Hannes_Delcroix,Defender,D,44,26,"6' 1""",172 lbs,,1999-02-28T08:00Z,Haiti,379,Burnley
271218,Jordan Beyer,Jordan Beyer,Jordan,Beyer,Jordan_Beyer,Defender,D,36,25,"6' 2""",174 lbs,,2000-05-19T07:00Z,Germany,379,Burnley
285790,Lucas Pires,Lucas Pires,Lucas,Pires,Lucas_Pires,Defender,D,23,24,"5' 9""",157 lbs,,2001-03-24T08:00Z,Brazil,379,Burnley
290413,Hjalmar Ekdal,Hjalmar Ekdal,Hjalmar,Ekdal,Hjalmar_Ekdal,Defender,D,18,27,"6' 2""",170 lbs,,1998-10-21T07:00Z,Sweden,379,Burnley
318316,Maxime Estève,Maxime Estève,Maxime,Estève,Maxime_Estève,Defender,D,5,23,"6' 4""",192 lbs,,2002-05-26T07:00Z,France,379,Burnley
322642,Oliver Sonne,Oliver Sonne,Oliver,Sonne,Oliver_Sonne,Defender,D,22,24,"6' 0""",159 lbs,,2000-11-10T08:00Z,Peru,379,Burnley
325541,Bashir Humphreys,Bashir Humphreys,Bashir,Humphreys,Bashir_Humphreys,Defender,D,12,22,"6' 2""",172 lbs,,2003-03-15T08:00Z,England,379,Burnley
346210,Quilindschy Hartman,Quilindschy Hartman,Quilindschy,Hartman,Quilindschy_Hartman,Defender,D,3,23,"6' 0""",170 lbs,,2001-11-14T08:00Z,Netherlands,379,Burnley
347290,Murray Campbell,Murray Campbell,Murray,Campbell,Murray_Campbell,Defender,D,43,19,,,,2006-07-25T07:00Z,Scotland,379,Burnley
190936,Josh Laurent,Josh Laurent,Josh,Laurent,Josh_Laurent,Midfielder,M,29,30,"6' 2""",152 lbs,,1995-05-06T07:00Z,England,379,Burnley
207146,Josh Cullen,Josh Cullen,Josh,Cullen,Josh_Cullen,Midfielder,M,24,29,"5' 9""",152 lbs,,1996-04-07T08:00Z,Republic of Ireland,379,Burnley
256607,Florentino,Florentino,Florentino,,Florentino,Midfielder,M,16,26,"6' 0""",161 lbs,,1999-08-19T07:00Z,Portugal,379,Burnley
261598,Zian Flemming,Zian Flemming,Zian,Flemming,Zian_Flemming,Midfielder,M,19,27,"6' 1""",183 lbs,,1998-08-01T07:00Z,Netherlands,379,Burnley
300007,Hannibal Mejbri,Hannibal Mejbri,Hannibal,Mejbri,Hannibal_Mejbri,Midfielder,M,28,22,"5' 10""",161 lbs,,2003-01-21T08:00Z,Tunisia,379,Burnley
309563,Lesley Ugochukwu,Lesley Ugochukwu,Lesley,Ugochukwu,Lesley_Ugochukwu,Midfielder,M,8,21,"6' 3""",159 lbs,,2004-03-26T08:00Z,France,379,Burnley
366750,Ellis Clark,Ellis Clark,Ellis,Clark,Ellis_Clark,Midfielder,M,47,18,,,,2007-06-26T07:00Z,Scotland,379,Burnley
376510,Marley Leuluai,Marley Leuluai,Marley,Leuluai,Marley_Leuluai,Midfielder,M,53,18,"5' 11""",,,2006-11-08T08:00Z,New Zealand,379,Burnley
409739,Oliver Pimlott,Oliver Pimlott,Oliver,Pimlott,Oliver_Pimlott,Midfielder,M,54,18,,,,2007-04-07T07:00Z,England,379,Burnley
411241,George Brierley,George Brierley,George,Brierley,George_Brierley,Midfielder,M,41,17,,,,2007-11-20T08:00Z,England,379,Burnley
105405,Ashley Barnes,Ashley Barnes,Ashley,Barnes,Ashley_Barnes,Forward,F,35,36,"6' 1""",170 lbs,,1989-10-30T08:00Z,England,379,Burnley
225552,Marcus Edwards,Marcus Edwards,Marcus,Edwards,Marcus_Edwards,Forward,F,10,26,"5' 6""",141 lbs,,1998-12-03T08:00Z,England,379,Burnley
233073,Jacob Bruun Larsen,Jacob Bruun Larsen,Jacob,Bruun Larsen,Jacob_Bruun_Larsen,Forward,F,7,27,"6' 0""",170 lbs,,1998-09-19T07:00Z,Denmark,379,Burnley
264751,Lyle Foster,Lyle Foster,Lyle,Foster,Lyle_Foster,Forward,F,9,25,"6' 1""",152 lbs,,2000-09-03T07:00Z,South Africa,379,Burnley
280895,Mike Trésor,Mike Trésor,Mike,Trésor,Mike_Trésor,Forward,F,31,26,"5' 8""",139 lbs,,1999-05-28T07:00Z,Belgium,379,Burnley
291535,Armando Broja,Armando Broja,Armando,Broja,Armando_Broja,Forward,F,27,24,"6' 3""",183 lbs,,2001-09-10T07:00Z,Albania,379,Burnley
299600,Enock Agyei,Enock Agyei,Enock,Agyei,Enock_Agyei,Forward,F,48,20,"5' 8""",,,2005-01-13T08:00Z,Belgium,379,Burnley
307657,Jaidon Anthony,Jaidon Anthony,Jaidon,Anthony,Jaidon_Anthony,Forward,F,11,25,"6' 0""",,,1999-12-01T08:00Z,England,379,Burnley
320757,Zeki Amdouni,Zeki Amdouni,Zeki,Amdouni,Zeki_Amdouni,Forward,F,25,24,"6' 1""",172 lbs,,2000-12-04T08:00Z,Switzerland,379,Burnley
324541,Loum Tchaouna,Loum Tchaouna,Loum,Tchaouna,Loum_Tchaouna,Forward,F,17,22,"5' 11""",150 lbs,,2003-09-08T07:00Z,France,379,Burnley
333619,Jaydon Banel,Jaydon Banel,Jaydon,Banel,Jaydon_Banel,Forward,F,34,21,"5' 8""",152 lbs,,2004-10-19T07:00Z,Netherlands,379,Burnley
411240,Brandon Pouani,Brandon Pouani,Brandon,Pouani,Brandon_Pouani,Forward,F,45,17,,,,2007-12-10T08:00Z,England,379,Burnley
108662,Robert Sánchez,Robert Sánchez,Robert,Sánchez,Robert_Sánchez,Goalkeeper,G,1,27,"6' 6""",196 lbs,,1997-11-18T08:00Z,Spain,363,Chelsea
286774,Gaga Slonina,Gaga Slonina,Gaga,Slonina,Gaga_Slonina,Goalkeeper,G,44,21,"6' 4""",192 lbs,,2004-05-15T07:00Z,USA,363,Chelsea
304256,Filip Jørgensen,Filip Jørgensen,Filip,Jørgensen,Filip_Jørgensen,Goalkeeper,G,12,23,"6' 4""",185 lbs,,2002-04-16T07:00Z,Denmark,363,Chelsea
349214,Ted Curd,Ted Curd,Ted,Curd,Ted_Curd,Goalkeeper,G,35,19,"6' 3""",,,2006-02-14T08:00Z,England,363,Chelsea
351335,Max Merrick,Max Merrick,Max,Merrick,Max_Merrick,Goalkeeper,G,50,19,"5' 9""",152 lbs,,2005-11-10T08:00Z,England,363,Chelsea
189007,Reece James,Reece James,Reece,James,Reece_James,Defender,D,24,25,"6' 0""",181 lbs,,1999-12-08T08:00Z,England,363,Chelsea
227784,Trevoh Chalobah,Trevoh Chalobah,Trevoh,Chalobah,Trevoh_Chalobah,Defender,D,23,26,"6' 3""",163 lbs,,1999-07-05T07:00Z,England,363,Chelsea
231198,Tosin Adarabioyo,Tosin Adarabioyo,Tosin,Adarabioyo,Tosin_Adarabioyo,Defender,D,4,28,"6' 5""",174 lbs,,1997-09-24T07:00Z,England,363,Chelsea
259910,Marc Cucurella,Marc Cucurella,Marc,Cucurella,Marc_Cucurella,Defender,D,3,27,"5' 9""",146 lbs,,1998-07-22T07:00Z,Spain,363,Chelsea
270190,Wesley Fofana,Wesley Fofana,Wesley,Fofana,Wesley_Fofana,Defender,D,29,24,"6' 3""",183 lbs,,2000-12-17T08:00Z,France,363,Chelsea
282585,Benoît Badiashile,Benoît Badiashile,Benoît,Badiashile,Benoît_Badiashile,Defender,D,5,24,"6' 4""",163 lbs,,2001-03-26T08:00Z,France,363,Chelsea
296410,Levi Colwill,Levi Colwill,Levi,Colwill,Levi_Colwill,Defender,D,6,22,"6' 2""",183 lbs,,2003-02-26T08:00Z,England,363,Chelsea
308947,Malo Gusto,Malo Gusto,Malo,Gusto,Malo_Gusto,Defender,D,27,22,"5' 10""",148 lbs,,2003-05-19T07:00Z,France,363,Chelsea
353951,Jorrel Hato,Jorrel Hato,Jorrel,Hato,Jorrel_Hato,Defender,D,21,19,"6' 0""",168 lbs,,2006-03-07T08:00Z,Netherlands,363,Chelsea
368317,Josh Acheampong,Josh Acheampong,Josh,Acheampong,Josh_Acheampong,Defender,D,34,19,"6' 0""",163 lbs,,2006-05-05T07:00Z,England,363,Chelsea
285450,Enzo Fernández,Enzo Fernández,Enzo,Fernández,Enzo_Fernández,Midfielder,M,8,24,"5' 10""",168 lbs,,2001-01-17T08:00Z,Argentina,363,Chelsea
289877,Moisés Caicedo,Moisés Caicedo,Moisés,Caicedo,Moisés_Caicedo,Midfielder,M,25,24,"5' 10""",161 lbs,,2001-11-02T08:00Z,Ecuador,363,Chelsea
296395,Cole Palmer,Cole Palmer,Cole,Palmer,Cole_Palmer,Midfielder,M,10,23,"6' 2""",168 lbs,,2002-05-06T07:00Z,England,363,Chelsea
299911,Mykhailo Mudryk,Mykhailo Mudryk,Mykhailo,Mudryk,Mykhailo_Mudryk,Midfielder,M,,24,"5' 9""",132 lbs,,2001-01-05T08:00Z,Ukraine,363,Chelsea
308217,Romeo Lavia,Romeo Lavia,Romeo,Lavia,Romeo_Lavia,Midfielder,M,45,21,"5' 11""",168 lbs,,2004-01-06T08:00Z,Belgium,363,Chelsea
314858,Andrey Santos,Andrey Santos,Andrey,Santos,Andrey_Santos,Midfielder,M,17,21,"5' 11""",163 lbs,,2004-05-03T07:00Z,Brazil,363,Chelsea
316560,Dário Essugo,Dário Essugo,Dário Cassia,Luis Essugo,Dário_Essugo,Midfielder,M,14,20,"5' 10""",172 lbs,,2005-03-14T08:00Z,Portugal,363,Chelsea
318284,Facundo Buonanotte,Facundo Buonanotte,Facundo,Buonanotte,Facundo_Buonanotte,Midfielder,M,40,20,"5' 9""",146 lbs,,2004-12-23T08:00Z,Argentina,363,Chelsea
374222,Ollie Harrison,Ollie Harrison,Ollie,Harrison,Ollie_Harrison,Midfielder,M,58,18,,,,2007-08-07T07:00Z,England,363,Chelsea
379702,Landon Emenalo,Landon Emenalo,Landon,Emenalo,Landon_Emenalo,Midfielder,M,56,17,"5' 10""",,,2008-01-18T08:00Z,England,363,Chelsea
400749,Reggie Walsh,Reggie Walsh,Reggie,Walsh,Reggie_Walsh,Midfielder,M,46,17,"5' 8""",,,2008-10-20T07:00Z,England,363,Chelsea
256115,Pedro Neto,Pedro Neto,Pedro,Neto,Pedro_Neto,Forward,F,7,25,"5' 9""",137 lbs,,2000-03-09T08:00Z,Portugal,363,Chelsea
284960,João Pedro,João Pedro,João Pedro,,João_Pedro,Forward,F,20,24,"6' 0""",152 lbs,,2001-09-26T07:00Z,Brazil,363,Chelsea
307114,Liam Delap,Liam Delap,Liam,Delap,Liam_Delap,Forward,F,9,22,"6' 1""",159 lbs,,2003-02-08T08:00Z,England,363,Chelsea
325555,Alejandro Garnacho,Alejandro Garnacho,Alejandro,Garnacho,Alejandro_Garnacho,Forward,F,49,21,"5' 11""",161 lbs,,2004-07-01T07:00Z,Argentina,363,Chelsea
339879,Jamie Gittens,Jamie Gittens,Jamie,Gittens,Jamie_Gittens,Forward,F,11,21,"5' 9""",152 lbs,,2004-08-08T07:00Z,England,363,Chelsea
363038,Marc Guiu,Marc Guiu,Marc,Guiu,Marc_Guiu,Forward,F,38,19,"6' 2""",181 lbs,,2006-01-04T08:00Z,Spain,363,Chelsea
368864,Tyrique George,Tyrique George,Tyrique,George,Tyrique_George,Forward,F,32,19,"5' 11""",163 lbs,,2006-02-04T08:00Z,England,363,Chelsea
372013,Shim Mheuka,Shim Mheuka,Shim,Mheuka,Shim_Mheuka,Forward,F,62,18,"6' 0""",163 lbs,,2007-10-20T07:00Z,England,363,Chelsea
376481,Estêvão,Estêvão,Estêvão,,Estêvão,Forward,F,41,18,"5' 9""",137 lbs,,2007-04-24T07:00Z,Brazil,363,Chelsea
399895,Ryan Kavuma-Mcqueen,Ryan Kavuma-Mcqueen,Ryan,Kavuma-Mcqueen,Ryan_Kavuma-Mcqueen,Forward,F,76,16,,,,2009-01-01T08:00Z,England,363,Chelsea
195738,Walter Benítez,Walter Benítez,Walter,Benítez,Walter_Benítez,Goalkeeper,G,44,32,"6' 3""",201 lbs,,1993-01-19T08:00Z,Argentina,384,Crystal Palace
205981,Remi Matthews,Remi Matthews,Remi,Matthews,Remi_Matthews,Goalkeeper,G,31,31,"6' 0""",172 lbs,,1994-02-10T08:00Z,England,384,Crystal Palace
234172,Dean Henderson,Dean Henderson,Dean,Henderson,Dean_Henderson,Goalkeeper,G,1,28,"6' 2""",185 lbs,,1997-03-12T08:00Z,England,384,Crystal Palace
127865,Nathaniel Clyne,Nathaniel Clyne,Nathaniel,Clyne,Nathaniel_Clyne,Defender,D,17,34,"5' 9""",148 lbs,,1991-04-05T08:00Z,England,384,Crystal Palace
146679,Daniel Muñoz,Daniel Muñoz,Daniel,Muñoz,Daniel_Muñoz,Defender,D,2,29,"5' 11""",161 lbs,,1996-05-26T07:00Z,Colombia,384,Crystal Palace
228319,Borna Sosa,Borna Sosa,Borna,Sosa,Borna_Sosa,Defender,D,24,27,"6' 2""",172 lbs,,1998-01-21T08:00Z,Croatia,384,Crystal Palace
265907,Marc Guéhi,Marc Guéhi,Marc,Guéhi,Marc_Guéhi,Defender,D,6,25,"6' 0""",174 lbs,,2000-07-13T07:00Z,England,384,Crystal Palace
265918,Maxence Lacroix,Maxence Lacroix,Maxence,Lacroix,Maxence_Lacroix,Defender,D,5,25,"6' 3""",192 lbs,,2000-04-06T07:00Z,France,384,Crystal Palace
272585,Chris Richards,Chris Richards,Chris,Richards,Chris_Richards,Defender,D,26,25,"6' 2""",192 lbs,,2000-03-28T08:00Z,USA,384,Crystal Palace
300853,Tyrick Mitchell,Tyrick Mitchell,Tyrick,Mitchell,Tyrick_Mitchell,Defender,D,3,26,"5' 9""",150 lbs,,1999-09-01T07:00Z,England,384,Crystal Palace
307870,Chadi Riad,Chadi Riad,Chadi,Riad,Chadi_Riad,Defender,D,34,22,"6' 1""",172 lbs,,2003-06-17T07:00Z,Morocco,384,Crystal Palace
358084,Caleb Kporha,Caleb Kporha,Caleb,Kporha,Caleb_Kporha,Defender,D,38,19,"5' 7""",148 lbs,,2006-07-15T07:00Z,England,384,Crystal Palace
386252,Jaydee Canvot,Jaydee Canvot,Jaydee,Canvot,Jaydee_Canvot,Defender,D,23,19,"6' 2""",163 lbs,,2006-07-29T07:00Z,France,384,Crystal Palace
168421,Will Hughes,Will Hughes,Will,Hughes,Will_Hughes,Midfielder,M,19,30,"6' 1""",161 lbs,,1995-04-17T07:00Z,England,384,Crystal Palace
197399,Jefferson Lerma,Jefferson Lerma,Jefferson,Lerma,Jefferson_Lerma,Midfielder,M,8,31,"5' 10""",152 lbs,,1994-10-25T07:00Z,Colombia,384,Crystal Palace
219362,Daichi Kamada,Daichi Kamada,Daichi,Kamada,Daichi_Kamada,Midfielder,M,18,29,"6' 0""",168 lbs,,1996-08-05T07:00Z,Japan,384,Crystal Palace
266628,Cheick Doucouré,Cheick Doucouré,Cheick,Doucouré,Cheick_Doucouré,Midfielder,M,28,25,"5' 11""",161 lbs,,2000-01-08T08:00Z,Mali,384,Crystal Palace
291468,Justin Devenny,Justin Devenny,Justin,Devenny,Justin_Devenny,Midfielder,M,55,22,"5' 10""",161 lbs,,2003-10-11T07:00Z,Northern Ireland,384,Crystal Palace
297370,Yeremy Pino,Yeremy Pino,Yeremy,Pino,Yeremy_Pino,Midfielder,M,10,23,"5' 8""",141 lbs,,2002-10-20T07:00Z,Spain,384,Crystal Palace
297775,Naouirou Ahamada,Naouirou Ahamada,Naouirou,Ahamada,Naouirou_Ahamada,Midfielder,M,29,23,"6' 0""",161 lbs,,2002-03-29T08:00Z,France,384,Crystal Palace
333419,Adam Wharton,Adam Wharton,Adam,Wharton,Adam_Wharton,Midfielder,M,20,21,"6' 0""",170 lbs,,2004-02-06T08:00Z,England,384,Crystal Palace
345213,Kaden Rodney,Kaden Rodney,Kaden,Rodney,Kaden_Rodney,Midfielder,M,42,21,"6' 2""",148 lbs,,2004-10-07T07:00Z,England,384,Crystal Palace
356208,Romain Esse,Romain Esse,Romain,Esse,Romain_Esse,Midfielder,M,21,20,"5' 9""",148 lbs,,2005-05-13T07:00Z,England,384,Crystal Palace
363444,Rio Cardines,Rio Cardines,Rio,Cardines,Rio_Cardines,Midfielder,M,59,19,"5' 9""",,,2006-07-01T07:00Z,Trinidad and Tobago,384,Crystal Palace
380716,Asher Agbinone,Asher Agbinone,Asher,Agbinone,Asher_Agbinone,Midfielder,M,64,20,"5' 10""",150 lbs,,2005-09-28T07:00Z,England,384,Crystal Palace
386256,Christantus Uche,Christantus Uche,Christantus,Uche,Christantus_Uche,Midfielder,M,12,22,"6' 3""",183 lbs,,2003-05-19T07:00Z,Nigeria,384,Crystal Palace
241012,Ismaïla Sarr,Ismaïla Sarr,Ismaïla,Sarr,Ismaïla_Sarr,Forward,F,7,27,"6' 1""",168 lbs,,1998-02-25T08:00Z,Senegal,384,Crystal Palace
241187,Jean-Philippe Mateta,Jean-Philippe Mateta,Jean-Philippe,Mateta,Jean-Philippe_Mateta,Forward,F,14,28,"6' 4""",192 lbs,,1997-06-28T07:00Z,France,384,Crystal Palace
259486,Eddie Nketiah,Eddie Nketiah,Eddie,Nketiah,Eddie_Nketiah,Forward,F,9,26,"5' 9""",159 lbs,,1999-05-30T07:00Z,England,384,Crystal Palace
357338,Zach Marsh,Zach Marsh,Zach,Marsh,Zach_Marsh,Forward,F,63,20,"5' 9""",130 lbs,,2005-10-06T07:00Z,England,384,Crystal Palace
7441,Mark Travers,Mark Travers,Mark,Travers,Mark_Travers,Goalkeeper,G,12,26,"6' 3""",181 lbs,,1999-05-18T07:00Z,Republic of Ireland,368,Everton
148515,Tom King,Tom King,Tom,King,Tom_King,Goalkeeper,G,31,30,"6' 4""",174 lbs,,1995-03-09T08:00Z,Wales,368,Everton
159443,Jordan Pickford,Jordan Pickford,Jordan,Pickford,Jordan_Pickford,Goalkeeper,G,1,31,"6' 1""",181 lbs,,1994-03-07T08:00Z,England,368,Everton
293346,Harry Tyrer,Harry Tyrer,Harry,Tyrer,Harry_Tyrer,Goalkeeper,G,53,23,"6' 4""",,,2001-12-06T08:00Z,England,368,Everton
4946,Michael Keane,Michael Keane,Michael,Keane,Michael_Keane,Defender,D,5,32,"6' 3""",181 lbs,,1993-01-11T08:00Z,England,368,Everton
131639,Seamus Coleman,Seamus Coleman,Seamus,Coleman,Seamus_Coleman,Defender,D,23,37,"5' 10""",148 lbs,,1988-10-11T07:00Z,Republic of Ireland,368,Everton
155226,James Tarkowski,James Tarkowski,James,Tarkowski,James_Tarkowski,Defender,D,6,32,"6' 1""",179 lbs,,1992-11-19T08:00Z,England,368,Everton
262594,Vitaliy Mykolenko,Vitaliy Mykolenko,Vitaliy,Mykolenko,Vitaliy_Mykolenko,Defender,D,16,26,"5' 11""",157 lbs,,1999-05-29T07:00Z,Ukraine,368,Everton
271191,Nathan Patterson,Nathan Patterson,Nathan,Patterson,Nathan_Patterson,Defender,D,2,24,"6' 2""",183 lbs,,2001-10-16T07:00Z,Scotland,368,Everton
283586,Jake O'Brien,Jake O'Brien,Jake,O'Brien,Jake_O'Brien,Defender,D,15,24,"6' 6""",203 lbs,,2001-05-15T07:00Z,Republic of Ireland,368,Everton
286965,Jarrad Branthwaite,Jarrad Branthwaite,Jarrad,Branthwaite,Jarrad_Branthwaite,Defender,D,32,23,"6' 5""",192 lbs,,2002-06-27T07:00Z,England,368,Everton
328017,Elijah Campbell,Elijah Campbell,Elijah,Campbell,Elijah_Campbell,Defender,D,73,21,"6' 0""",139 lbs,,2004-08-02T07:00Z,England,368,Everton
379032,Adam Aznou,Adam Aznou,Adam,Aznou,Adam_Aznou,Defender,D,39,19,"5' 10""",152 lbs,,2006-06-02T07:00Z,Morocco,368,Everton
144517,Idrissa Gueye,Idrissa Gueye,Idrissa,Gueye,Idrissa_Gueye,Midfielder,M,27,36,"5' 9""",146 lbs,,1989-09-26T07:00Z,Senegal,368,Everton
172850,Jack Grealish,Jack Grealish,Jack,Grealish,Jack_Grealish,Midfielder,M,18,30,"5' 11""",170 lbs,,1995-09-10T07:00Z,England,368,Everton
252389,Kiernan Dewsbury-Hall,Kiernan Dewsbury-Hall,Kiernan,Dewsbury-Hall,Kiernan_Dewsbury-Hall,Midfielder,M,22,27,"5' 10""",174 lbs,,1998-09-06T07:00Z,England,368,Everton
276220,James Garner,James Garner,James,Garner,James_Garner,Midfielder,M,37,24,"6' 1""",172 lbs,,2001-03-13T08:00Z,England,368,Everton
302162,Carlos Alcaraz,Carlos Alcaraz,Carlos,Alcaraz,Carlos_Alcaraz,Midfielder,M,24,22,"5' 9""",150 lbs,,2002-11-30T08:00Z,Argentina,368,Everton
310599,Tim Iroegbunam,Tim Iroegbunam,Tim,Iroegbunam,Tim_Iroegbunam,Midfielder,M,42,22,"6' 0""",152 lbs,,2003-06-30T07:00Z,England,368,Everton
311963,Merlin Rohl,Merlin Rohl,Merlin,Rohl,Merlin_Rohl,Midfielder,M,34,23,"6' 4""",163 lbs,,2002-07-05T07:00Z,Germany,368,Everton
340640,Tyler Dibling,Tyler Dibling,Tyler,Dibling,Tyler_Dibling,Midfielder,M,20,19,"5' 10""",159 lbs,,2006-02-17T08:00Z,England,368,Everton
268641,Iliman Ndiaye,Iliman Ndiaye,Iliman,Ndiaye,Iliman_Ndiaye,Forward,F,10,25,"5' 11""",152 lbs,,2000-03-06T08:00Z,Senegal,368,Everton
273495,Dwight McNeil,Dwight McNeil,Dwight,McNeil,Dwight_McNeil,Forward,F,7,25,"6' 0""",150 lbs,,1999-11-22T08:00Z,England,368,Everton
289511,Beto,Beto,Beto,,Beto,Forward,F,9,27,"6' 4""",192 lbs,,1998-01-31T08:00Z,Guinea-Bissau,368,Everton
301166,Thierno Barry,Thierno Barry,Thierno,Barry,Thierno_Barry,Forward,F,11,23,"6' 5""",181 lbs,,2002-10-21T07:00Z,France,368,Everton
149517,Benjamin Lecomte,Benjamin Lecomte,Benjamin,Lecomte,Benjamin_Lecomte,Goalkeeper,G,23,34,"6' 1""",172 lbs,,1991-04-26T07:00Z,France,370,Fulham
153765,Bernd Leno,Bernd Leno,Bernd,Leno,Bernd_Leno,Goalkeeper,G,1,33,"6' 2""",181 lbs,,1992-03-04T08:00Z,Germany,370,Fulham
190974,Kenny Tete,Kenny Tete,Kenny,Tete,Kenny_Tete,Defender,D,2,30,"5' 11""",157 lbs,,1995-10-09T07:00Z,Netherlands,370,Fulham
196081,Joachim Andersen,Joachim Andersen,Joachim,Andersen,Joachim_Andersen,Defender,D,5,29,"6' 4""",190 lbs,,1996-05-31T07:00Z,Denmark,370,Fulham
197163,Timothy Castagne,Timothy Castagne,Timothy,Castagne,Timothy_Castagne,Defender,D,21,29,"6' 1""",174 lbs,,1995-12-05T08:00Z,Belgium,370,Fulham
222396,Antonee Robinson,Antonee Robinson,Antonee,Robinson,Antonee_Robinson,Defender,D,33,28,"6' 0""",152 lbs,,1997-08-08T07:00Z,USA,370,Fulham
230963,Issa Diop,Issa Diop,Issa,Diop,Issa_Diop,Defender,D,31,28,"6' 4""",203 lbs,,1997-01-09T08:00Z,France,370,Fulham
252031,Jorge Cuenca,Jorge Cuenca,Jorge,Cuenca,Jorge_Cuenca,Defender,D,15,25,"6' 3""",163 lbs,,1999-11-17T08:00Z,Spain,370,Fulham
263110,Calvin Bassey,Calvin Bassey,Calvin,Bassey,Calvin_Bassey,Defender,D,3,25,"6' 1""",168 lbs,,1999-12-31T08:00Z,Nigeria,370,Fulham
365953,Samuel Amissah,Samuel Amissah,Samuel,Amissah,Samuel_Amissah,Defender,D,35,18,"6' 0""",161 lbs,,2007-03-07T08:00Z,England,370,Fulham
140033,Tom Cairney,Tom Cairney,Tom,Cairney,Tom_Cairney,Midfielder,M,10,34,"6' 1""",183 lbs,,1991-01-20T08:00Z,Scotland,370,Fulham
193246,Harrison Reed,Harrison Reed,Harrison,Reed,Harrison_Reed,Midfielder,M,6,30,"5' 11""",159 lbs,,1995-01-27T08:00Z,England,370,Fulham
218998,Sander Berge,Sander Berge,Sander,Berge,Sander_Berge,Midfielder,M,16,27,"6' 5""",212 lbs,,1998-02-14T08:00Z,Norway,370,Fulham
222300,Sasa Lukic,Sasa Lukic,Sasa,Lukic,Sasa_Lukic,Midfielder,M,20,29,"6' 0""",168 lbs,,1996-08-13T07:00Z,Serbia,370,Fulham
241328,Ryan Sessegnon,Ryan Sessegnon,Ryan,Sessegnon,Ryan_Sessegnon,Midfielder,M,30,25,"5' 10""",152 lbs,,2000-05-18T07:00Z,England,370,Fulham
266697,Emile Smith Rowe,Emile Smith Rowe,Emile,Smith Rowe,Emile_Smith_Rowe,Midfielder,M,32,25,"6' 0""",172 lbs,,2000-07-28T07:00Z,England,370,Fulham
400112,Seth Ridgeon,Seth Ridgeon,Seth,Ridgeon,Seth_Ridgeon,Midfielder,M,,17,"5' 7""",,,2008-09-12T07:00Z,England,370,Fulham
409541,Josh King,Josh King,Josh,King,Josh_King,Midfielder,M,24,18,"6' 2""",161 lbs,,2007-01-03T08:00Z,England,370,Fulham
167060,Raúl Jiménez,Raúl Jiménez,Raúl,Jiménez,Raúl_Jiménez,Forward,F,7,34,"6' 3""",168 lbs,Hidalgo,1991-05-05T07:00Z,Mexico,370,Fulham
175063,Alex Iwobi,Alex Iwobi,Alex,Iwobi,Alex_Iwobi,Forward,F,17,29,"5' 11""",163 lbs,,1996-05-03T07:00Z,Nigeria,370,Fulham
194801,Harry Wilson,Harry Wilson,Harry,Wilson,Harry_Wilson,Forward,F,8,28,"5' 8""",139 lbs,,1997-03-22T08:00Z,Wales,370,Fulham
220626,Adama Traoré,Adama Traoré,Adama,Traoré,Adama_Traoré,Forward,F,11,29,"5' 10""",190 lbs,,1996-01-25T08:00Z,Spain,370,Fulham
228298,Samuel Chukwueze,Samuel Chukwueze,Samuel,Chukwueze,Samuel_Chukwueze,Forward,F,19,26,"5' 8""",152 lbs,,1999-05-22T07:00Z,Nigeria,370,Fulham
301525,Rodrigo Muniz,Rodrigo Muniz,Rodrigo,Muniz,Rodrigo_Muniz,Forward,F,9,24,"5' 10""",148 lbs,,2001-05-04T07:00Z,Brazil,370,Fulham
330764,Kevin,Kevin,Kevin,,Kevin,Forward,F,22,22,"5' 9""",157 lbs,,2003-01-04T08:00Z,Brazil,370,Fulham
369363,Jonah Kusi-Asare,Jonah Kusi-Asare,Jonah,Kusi-Asare,Jonah_Kusi-Asare,Forward,F,18,18,"6' 5""",183 lbs,,2007-07-04T07:00Z,Sweden,370,Fulham
130877,Karl Darlow,Karl Darlow,Karl,Darlow,Karl_Darlow,Goalkeeper,G,26,35,"6' 3""",192 lbs,,1990-10-08T07:00Z,Wales,357,Leeds United
164148,Alex Cairns,Alex Cairns,Alex,Cairns,Alex_Cairns,Goalkeeper,G,21,32,"6' 0""",159 lbs,,1993-01-04T08:00Z,England,357,Leeds United
252406,Lucas Perri,Lucas Perri,Lucas,Perri,Lucas_Perri,Goalkeeper,G,1,27,"6' 6""",214 lbs,,1997-12-10T08:00Z,Brazil,357,Leeds United
265921,Illan Meslier,Illan Meslier,Illan,Meslier,Illan_Meslier,Goalkeeper,G,16,25,"6' 6""",161 lbs,,2000-03-02T08:00Z,France,357,Leeds United
223454,Sam Byram,Sam Byram,Sam,Byram,Sam_Byram,Defender,D,25,32,"5' 11""",159 lbs,,1993-09-16T07:00Z,England,357,Leeds United
231863,James Justin,James Justin,James,Justin,James_Justin,Defender,D,24,27,"6' 0""",174 lbs,,1998-02-23T08:00Z,England,357,Leeds United
232325,Joe Rodon,Joe Rodon,Joe,Rodon,Joe_Rodon,Defender,D,6,28,"6' 4""",192 lbs,,1997-10-22T07:00Z,Wales,357,Leeds United
241317,Ethan Ampadu,Ethan Ampadu,Ethan,Ampadu,Ethan_Ampadu,Defender,D,4,25,"6' 0""",172 lbs,,2000-09-14T07:00Z,Wales,357,Leeds United
243408,Jayden Bogle,Jayden Bogle,Jayden,Bogle,Jayden_Bogle,Defender,D,2,25,"5' 10""",150 lbs,,2000-07-27T07:00Z,England,357,Leeds United
246771,Pascal Struijk,Pascal Struijk,Pascal,Struijk,Pascal_Struijk,Defender,D,5,26,"6' 3""",172 lbs,,1999-08-11T07:00Z,Netherlands,357,Leeds United
250166,Gabriel Gudmundsson,Gabriel Gudmundsson,Gabriel,Gudmundsson,Gabriel_Gudmundsson,Defender,D,3,26,"5' 11""",161 lbs,,1999-04-29T07:00Z,Sweden,357,Leeds United
271130,Sebastiaan Bornauw,Sebastiaan Bornauw,Sebastiaan,Bornauw,Sebastiaan_Bornauw,Defender,D,23,26,"6' 3""",179 lbs,,1999-03-22T08:00Z,Belgium,357,Leeds United
274649,Jaka Bijol,Jaka Bijol,Jaka,Bijol,Jaka_Bijol,Defender,D,15,26,"6' 3""",185 lbs,,1999-02-05T08:00Z,Slovenia,357,Leeds United
30116,Ilia Gruev,Ilia Gruev,Ilia,Gruev,Ilia_Gruev,Midfielder,M,44,25,"6' 1""",159 lbs,,2000-05-06T07:00Z,Bulgaria,357,Leeds United
203072,Daniel James,Daniel James,Daniel,James,Daniel_James,Midfielder,M,7,27,"5' 7""",139 lbs,,1997-11-10T08:00Z,Wales,357,Leeds United
251658,Sean Longstaff,Sean Longstaff,Sean,Longstaff,Sean_Longstaff,Midfielder,M,8,28,"5' 11""",141 lbs,,1997-10-30T08:00Z,England,357,Leeds United
253173,Ao Tanaka,Ao Tanaka,Ao,Tanaka,Ao_Tanaka,Midfielder,M,22,27,"5' 11""",163 lbs,,1998-09-10T07:00Z,Japan,357,Leeds United
259653,Brenden Aaronson,Brenden Aaronson,Brenden,Aaronson,Brenden_Aaronson,Midfielder,M,11,25,"5' 10""",150 lbs,,2000-10-22T07:00Z,USA,357,Leeds United
304802,Anton Stach,Anton Stach,Anton,Stach,Anton_Stach,Midfielder,M,18,26,"6' 4""",190 lbs,,1998-11-15T08:00Z,Germany,357,Leeds United
390040,Sam Chambers,Sam Chambers,Sam,Chambers,Sam_Chambers,Midfielder,M,42,18,"5' 9""",150 lbs,,2007-08-18T07:00Z,Scotland,357,Leeds United
197717,Dominic Calvert-Lewin,Dominic Calvert-Lewin,Dominic,Calvert-Lewin,Dominic_Calvert-Lewin,Forward,F,9,28,"6' 2""",157 lbs,,1997-03-16T08:00Z,England,357,Leeds United
199850,Jack Harrison,Jack Harrison,Jack,Harrison,Jack_Harrison,Forward,F,20,28,"5' 9""",152 lbs,,1996-11-20T08:00Z,England,357,Leeds United
245562,Joël Piroe,Joël Piroe,Joël,Piroe,Joël_Piroe,Forward,F,10,26,"5' 11""",161 lbs,,1999-08-02T07:00Z,Netherlands,357,Leeds United
258956,Lukas Nmecha,Lukas Nmecha,Lukas,Nmecha,Lukas_Nmecha,Forward,F,14,26,"6' 1""",174 lbs,,1998-12-14T08:00Z,Germany,357,Leeds United
270641,Noah Okafor,Noah Okafor,Noah,Okafor,Noah_Okafor,Forward,F,19,25,"6' 1""",185 lbs,,2000-05-24T07:00Z,Switzerland,357,Leeds United
297784,Wilfried Gnonto,Wilfried Gnonto,Wilfried,Gnonto,Wilfried_Gnonto,Forward,F,29,22,"5' 8""",141 lbs,,2003-11-05T08:00Z,Italy,357,Leeds United
374129,Harry Gray,Harry Gray,Harry,Gray,Harry_Gray,Forward,F,45,17,"5' 11""",,,2008-10-08T07:00Z,England,357,Leeds United
194121,Freddie Woodman,Freddie Woodman,Freddie,Woodman,Freddie_Woodman,Goalkeeper,G,28,28,"6' 2""",183 lbs,,1997-03-04T08:00Z,England,364,Liverpool
196876,Alisson Becker,Alisson Becker,Alisson,Becker,Alisson_Becker,Goalkeeper,G,1,33,"6' 4""",201 lbs,,1992-10-02T07:00Z,Brazil,364,Liverpool
274742,Giorgi Mamardashvili,Giorgi Mamardashvili,Giorgi,Mamardashvili,Giorgi_Mamardashvili,Goalkeeper,G,25,25,"6' 6""",196 lbs,,2000-09-29T07:00Z,Georgia,364,Liverpool
345673,Ármin Pécsi,Ármin Pécsi,Ármin,Pécsi,Ármin_Pécsi,Goalkeeper,G,41,20,"6' 3""",,,2005-02-24T08:00Z,Hungary,364,Liverpool
389424,Kornel Misciur,Kornel Misciur,Kornel,Misciur,Kornel_Misciur,Goalkeeper,G,74,18,,,,2007-04-27T07:00Z,England,364,Liverpool
102053,Joe Gomez,Joe Gomez,Joe,Gomez,Joe_Gomez,Defender,D,2,28,"6' 2""",174 lbs,,1997-05-23T07:00Z,England,364,Liverpool
104943,Andrew Robertson,Andrew Robertson,Andrew,Robertson,Andrew_Robertson,Defender,D,26,31,"5' 10""",139 lbs,,1994-03-11T08:00Z,Scotland,364,Liverpool
157892,Virgil van Dijk,Virgil van Dijk,Virgil,van Dijk,Virgil_van_Dijk,Defender,D,4,34,"6' 5""",203 lbs,,1991-07-08T07:00Z,Netherlands,364,Liverpool
250183,Conor Bradley,Conor Bradley,Conor,Bradley,Conor_Bradley,Defender,D,12,22,"5' 11""",139 lbs,,2003-07-09T07:00Z,Northern Ireland,364,Liverpool
251634,Ibrahima Konaté,Ibrahima Konaté,Ibrahima,Konaté,Ibrahima_Konaté,Defender,D,5,26,"6' 4""",207 lbs,,1999-05-25T07:00Z,France,364,Liverpool
281119,Jeremie Frimpong,Jeremie Frimpong,Jeremie,Frimpong,Jeremie_Frimpong,Defender,D,30,24,"5' 7""",139 lbs,,2000-12-10T08:00Z,Netherlands,364,Liverpool
291353,Calvin Ramsay,Calvin Ramsay,Calvin,Ramsay,Calvin_Ramsay,Defender,D,47,22,"5' 10""",150 lbs,,2003-07-31T07:00Z,Scotland,364,Liverpool
323110,Milos Kerkez,Milos Kerkez,Milos,Kerkez,Milos_Kerkez,Defender,D,6,22,"5' 11""",157 lbs,,2003-11-07T08:00Z,Hungary,364,Liverpool
340762,Rhys Williams,Rhys Williams,Rhys,Williams,Rhys_Williams,Defender,D,46,24,"6' 5""",181 lbs,,2001-02-03T08:00Z,England,364,Liverpool
350664,Carter Pinnington,Carter Pinnington,Carter,Pinnington,Carter_Pinnington,Defender,D,57,18,,,,2007-02-21T08:00Z,England,364,Liverpool
373758,Amara Nallo,Amara Nallo,Amara,Nallo,Amara_Nallo,Defender,D,65,18,"6' 1""",159 lbs,,2006-11-18T08:00Z,England,364,Liverpool
379855,Wellity Lucky,Wellity Lucky,Wellity,Lucky,Wellity_Lucky,Defender,D,92,19,,,,2006-01-12T08:00Z,Spain,364,Liverpool
380082,Giovanni Leoni,Giovanni Leoni,Giovanni,Leoni,Giovanni_Leoni,Defender,D,15,18,"6' 5""",168 lbs,,2006-12-21T08:00Z,Italy,364,Liverpool
152479,Wataru Endo,Wataru Endo,Wataru,Endo,Wataru_Endo,Midfielder,M,3,32,"5' 10""",168 lbs,,1993-02-09T08:00Z,Japan,364,Liverpool
190257,Curtis Jones,Curtis Jones,Curtis,Jones,Curtis_Jones,Midfielder,M,17,24,"6' 1""",172 lbs,,2001-01-30T08:00Z,England,364,Liverpool
249299,Alexis Mac Allister,Alexis Mac Allister,Alexis,Mac Allister,Alexis_Mac_Allister,Midfielder,M,10,26,"5' 9""",150 lbs,,1998-12-24T08:00Z,Argentina,364,Liverpool
257206,Dominik Szoboszlai,Dominik Szoboszlai,Dominik,Szoboszlai,Dominik_Szoboszlai,Midfielder,M,8,25,"6' 1""",161 lbs,,2000-10-25T07:00Z,Hungary,364,Liverpool
274632,Ryan Gravenberch,Ryan Gravenberch,Ryan,Gravenberch,Ryan_Gravenberch,Midfielder,M,38,23,"6' 3""",183 lbs,,2002-05-16T07:00Z,Netherlands,364,Liverpool
303748,Florian Wirtz,Florian Wirtz,Florian,Wirtz,Florian_Wirtz,Midfielder,M,7,22,"5' 9""",152 lbs,,2003-05-03T07:00Z,Germany,364,Liverpool
330605,Stefan Bajcetic,Stefan Bajcetic,Stefan,Bajcetic,Stefan_Bajcetic,Midfielder,M,43,21,"6' 1""",170 lbs,,2004-10-22T07:00Z,Spain,364,Liverpool
330608,Tommy Pilling,Tommy Pilling,Tommy,Pilling,Tommy_Pilling,Midfielder,M,70,21,,,,2004-09-14T07:00Z,England,364,Liverpool
356075,Trey Nyoni,Trey Nyoni,Trey,Nyoni,Trey_Nyoni,Midfielder,M,42,18,"5' 11""",163 lbs,,2007-06-30T07:00Z,England,364,Liverpool
357162,Kieran Morrison,Kieran Morrison,Kieran,Morrison,Kieran_Morrison,Midfielder,M,68,18,"5' 7""",141 lbs,,2006-11-09T08:00Z,Northern Ireland,364,Liverpool
380624,Michael Laffey,Michael Laffey,Michael,Laffey,Michael_Laffey,Midfielder,M,94,20,,,,2005-10-11T07:00Z,England,364,Liverpool
173896,Mohamed Salah,Mohamed Salah,Mohamed,Salah,Mohamed_Salah,Forward,F,11,33,"5' 9""",157 lbs,,1992-06-15T07:00Z,Egypt,364,Liverpool
234306,Federico Chiesa,Federico Chiesa,Federico,Chiesa,Federico_Chiesa,Forward,F,14,28,"5' 9""",152 lbs,,1997-10-25T07:00Z,Italy,364,Liverpool
235662,Alexander Isak,Alexander Isak,Alexander,Isak,Alexander_Isak,Forward,F,9,26,"6' 4""",170 lbs,,1999-09-21T07:00Z,Sweden,364,Liverpool
249524,Cody Gakpo,Cody Gakpo,Cody,Gakpo,Cody_Gakpo,Forward,F,18,26,"6' 4""",168 lbs,,1999-05-07T07:00Z,Netherlands,364,Liverpool
304901,Hugo Ekitike,Hugo Ekitike,Hugo,Ekitike,Hugo_Ekitike,Forward,F,22,23,"6' 3""",168 lbs,,2002-06-20T07:00Z,France,364,Liverpool
312241,Kaide Gordon,Kaide Gordon,Kaide,Gordon,Kaide_Gordon,Forward,F,49,21,"5' 8""",152 lbs,,2004-10-05T07:00Z,England,364,Liverpool
342686,Trent Kone-Doherty,Trent Kone-Doherty,Trent,Kone-Doherty,Trent_Kone-Doherty,Forward,F,51,19,"5' 9""",141 lbs,Derry,2006-06-30T07:00Z,Republic of Ireland,364,Liverpool
354737,Jayden Danns,Jayden Danns,Jayden,Danns,Jayden_Danns,Forward,F,76,19,"6' 0""",148 lbs,,2006-01-16T08:00Z,England,364,Liverpool
371434,Keyrol Figueroa,Keyrol Figueroa,Keyrol,Figueroa,Keyrol_Figueroa,Forward,F,64,19,"5' 5""",139 lbs,,2006-08-31T07:00Z,USA,364,Liverpool
379588,Rio Ngumoha,Rio Ngumoha,Rio,Ngumoha,Rio_Ngumoha,Forward,F,73,17,"5' 7""",163 lbs,,2008-08-29T07:00Z,England,364,Liverpool
151855,Stefan Ortega,Stefan Ortega,Stefan,Ortega,Stefan_Ortega,Goalkeeper,G,18,33,"6' 1""",192 lbs,,1992-11-06T08:00Z,Germany,382,Manchester City
177545,Marcus Bettinelli,Marcus Bettinelli,Marcus,Bettinelli,Marcus_Bettinelli,Goalkeeper,G,13,33,"6' 4""",181 lbs,,1992-05-24T07:00Z,England,382,Manchester City
217092,Gianluigi Donnarumma,Gianluigi Donnarumma,Gianluigi,Donnarumma,Gianluigi_Donnarumma,Goalkeeper,G,25,26,"6' 5""",196 lbs,,1999-02-25T08:00Z,Italy,382,Manchester City
307118,James Trafford,James Trafford,James,Trafford,James_Trafford,Goalkeeper,G,1,23,"6' 6""",183 lbs,,2002-10-10T07:00Z,England,382,Manchester City
157974,John Stones,John Stones,John,Stones,John_Stones,Defender,D,5,31,"6' 2""",174 lbs,,1994-05-28T07:00Z,England,382,Manchester City
159248,Nathan Aké,Nathan Aké,Nathan,Aké,Nathan_Aké,Defender,D,6,30,"5' 11""",163 lbs,,1995-02-18T08:00Z,Netherlands,382,Manchester City
234878,Rúben Dias,Rúben Dias,Rúben,Dias,Rúben_Dias,Defender,D,3,28,"6' 2""",168 lbs,,1997-05-14T07:00Z,Portugal,382,Manchester City
272512,Rayan Aït-Nouri,Rayan Aït-Nouri,Rayan,Aït-Nouri,Rayan_Aït-Nouri,Defender,D,21,24,"5' 11""",152 lbs,,2001-06-06T07:00Z,Algeria,382,Manchester City
299910,Josko Gvardiol,Josko Gvardiol,Josko,Gvardiol,Josko_Gvardiol,Defender,D,24,23,"6' 1""",174 lbs,,2002-01-23T08:00Z,Croatia,382,Manchester City
325564,Rico Lewis,Rico Lewis,Rico,Lewis,Rico_Lewis,Defender,D,82,20,"5' 7""",139 lbs,,2004-11-21T08:00Z,England,382,Manchester City
362211,Abdukodir Khusanov,Abdukodir Khusanov,Abdukodir,Khusanov,Abdukodir_Khusanov,Defender,D,45,21,"6' 1""",183 lbs,,2004-02-29T08:00Z,Uzbekistan,382,Manchester City
374220,Stephen Mfuni,Stephen Mfuni,Stephen,Mfuni,Stephen_Mfuni,Defender,D,91,17,,,,2008-02-12T08:00Z,England,382,Manchester City
390094,Kaden Braithwaite,Kaden Braithwaite,Kaden,Braithwaite,Kaden_Braithwaite,Defender,D,61,17,"6' 4""",163 lbs,,2008-02-08T08:00Z,England,382,Manchester City
154595,Mateo Kovacic,Mateo Kovacic,Mateo,Kovacic,Mateo_Kovacic,Midfielder,M,8,31,"5' 10""",172 lbs,,1994-05-06T07:00Z,Croatia,382,Manchester City
199833,Bernardo Silva,Bernardo Silva,Bernardo,Silva,Bernardo_Silva,Midfielder,M,20,31,"5' 8""",141 lbs,,1994-08-10T07:00Z,Portugal,382,Manchester City
223453,Kalvin Phillips,Kalvin Phillips,Kalvin,Phillips,Kalvin_Phillips,Midfielder,M,44,29,"5' 10""",159 lbs,,1995-12-02T08:00Z,England,382,Manchester City
231828,Rodri,Rodri,Rodri,,Rodri,Midfielder,M,16,29,"6' 3""",181 lbs,Madrid,1996-06-22T07:00Z,Spain,382,Manchester City
250787,Phil Foden,Phil Foden,Phil,Foden,Phil_Foden,Midfielder,M,47,25,"5' 7""",139 lbs,,2000-05-28T07:00Z,England,382,Manchester City
261328,Tijjani Reijnders,Tijjani Reijnders,Tijjani,Reijnders,Tijjani_Reijnders,Midfielder,M,4,27,"5' 10""",161 lbs,,1998-07-29T07:00Z,Netherlands,382,Manchester City
298008,Rayan Cherki,Rayan Cherki,Rayan,Cherki,Rayan_Cherki,Midfielder,M,10,22,"5' 11""",157 lbs,,2003-08-17T07:00Z,France,382,Manchester City
303785,Matheus Nunes,Matheus Nunes,Matheus,Nunes,Matheus_Nunes,Midfielder,M,27,27,"6' 0""",172 lbs,,1998-08-27T07:00Z,Portugal,382,Manchester City
307111,Oscar Bobb,Oscar Bobb,Oscar,Bobb,Oscar_Bobb,Midfielder,M,52,22,"5' 10""",152 lbs,,2003-07-12T07:00Z,Norway,382,Manchester City
323986,Nico González,Nico González,Nico,González,Nico_González,Midfielder,M,14,23,"6' 2""",192 lbs,,2002-01-03T08:00Z,Spain,382,Manchester City
328464,Nico O'Reilly,Nico O'Reilly,Nico,O'Reilly,Nico_O'Reilly,Midfielder,M,33,20,"5' 10""",170 lbs,,2005-03-21T08:00Z,England,382,Manchester City
358577,Divine Mukasa,Divine Mukasa,Divine,Mukasa,Divine_Mukasa,Midfielder,M,63,18,"5' 11""",,,2007-08-22T07:00Z,England,382,Manchester City
253989,Erling Haaland,Erling Haaland,Erling,Haaland,Erling_Haaland,Forward,F,9,25,"6' 5""",192 lbs,,2000-07-21T07:00Z,Norway,382,Manchester City
283672,Jérémy Doku,Jérémy Doku,Jérémy,Doku,Jérémy_Doku,Forward,F,11,23,"5' 8""",146 lbs,,2002-05-27T07:00Z,Belgium,382,Manchester City
303745,Omar Marmoush,Omar Marmoush,Omar,Marmoush,Omar_Marmoush,Forward,F,7,26,"5' 11""",179 lbs,,1999-02-07T08:00Z,Egypt,382,Manchester City
304470,Savinho,Savinho,Savinho,,Savinho,Forward,F,26,21,"5' 10""",146 lbs,,2004-04-10T07:00Z,Brazil,382,Manchester City
354137,Jaden Heskey,Jaden Heskey,Jaden,Heskey,Jaden_Heskey,Forward,F,,19,"5' 11""",,,2005-12-17T08:00Z,England,382,Manchester City
378369,Reigan Heskey,Reigan Heskey,Reigan,Heskey,Reigan_Heskey,Forward,F,,17,"6' 0""",,,2008-01-18T08:00Z,England,382,Manchester City
395463,Ryan Mcaidoo,Ryan Mcaidoo,Ryan,Mcaidoo,Ryan_Mcaidoo,Forward,F,56,17,"5' 9""",,,2008-06-24T07:00Z,England,382,Manchester City
42250,Tom Heaton,Tom Heaton,Tom,Heaton,Tom_Heaton,Goalkeeper,G,22,39,"6' 2""",185 lbs,,1986-04-15T08:00Z,England,360,Manchester United
274272,Altay Bayindir,Altay Bayindir,Altay,Bayindir,Altay_Bayindir,Goalkeeper,G,1,27,"6' 6""",192 lbs,,1998-04-14T07:00Z,Turkey,360,Manchester United
301425,Senne Lammens,Senne Lammens,Senne,Lammens,Senne_Lammens,Goalkeeper,G,31,23,"6' 4""",152 lbs,,2002-07-07T07:00Z,Belgium,360,Manchester United
157073,Harry Maguire,Harry Maguire,Harry,Maguire,Harry_Maguire,Defender,D,5,32,"6' 4""",196 lbs,,1993-03-05T08:00Z,England,360,Manchester United
167127,Luke Shaw,Luke Shaw,Luke,Shaw,Luke_Shaw,Defender,D,23,30,"5' 10""",174 lbs,,1995-07-12T07:00Z,England,360,Manchester United
233937,Lisandro Martínez,Lisandro Martínez,Lisandro,Martínez,Lisandro_Martínez,Defender,D,6,27,"5' 9""",159 lbs,,1998-01-18T08:00Z,Argentina,360,Manchester United
238902,Diogo Dalot,Diogo Dalot,Diogo,Dalot,Diogo_Dalot,Defender,D,2,26,"6' 0""",172 lbs,,1999-03-18T08:00Z,Portugal,360,Manchester United
239349,Matthijs de Ligt,Matthijs de Ligt,Matthijs,de Ligt,Matthijs_de_Ligt,Defender,D,4,26,"6' 2""",194 lbs,,1999-08-12T07:00Z,Netherlands,360,Manchester United
239350,Noussair Mazraoui,Noussair Mazraoui,Noussair,Mazraoui,Noussair_Mazraoui,Defender,D,3,27,"6' 0""",139 lbs,,1997-11-14T08:00Z,Morocco,360,Manchester United
259863,Tyrell Malacia,Tyrell Malacia,Tyrell,Malacia,Tyrell_Malacia,Defender,D,12,26,"5' 7""",148 lbs,,1999-08-17T07:00Z,Netherlands,360,Manchester United
340206,Leny Yoro,Leny Yoro,Leny,Yoro,Leny_Yoro,Defender,D,15,19,"6' 3""",183 lbs,,2005-11-13T08:00Z,France,360,Manchester United
347052,Tyler Fredricson,Tyler Fredricson,Tyler,Fredricson,Tyler_Fredricson,Defender,D,33,20,"6' 0""",152 lbs,,2005-02-23T08:00Z,England,360,Manchester United
356044,Ayden Heaven,Ayden Heaven,Ayden,Heaven,Ayden_Heaven,Defender,D,26,19,"6' 2""",170 lbs,,2006-09-22T07:00Z,England,360,Manchester United
366781,Patrick Dorgu,Patrick Dorgu,Patrick,Dorgu,Patrick_Dorgu,Defender,D,13,21,"6' 1""",150 lbs,,2004-10-26T07:00Z,Denmark,360,Manchester United
387634,Diego León,Diego León,Diego,León,Diego_León,Defender,D,35,18,"5' 10""",181 lbs,,2007-04-03T07:00Z,Paraguay,360,Manchester United
124091,Bruno Fernandes,Bruno Fernandes,Bruno,Fernandes,Bruno_Fernandes,Midfielder,M,8,31,"5' 10""",146 lbs,,1994-09-08T07:00Z,Portugal,360,Manchester United
173666,Casemiro,Casemiro,Casemiro,,Casemiro,Midfielder,M,18,33,"6' 1""",183 lbs,,1992-02-23T08:00Z,Brazil,360,Manchester United
231167,Mason Mount,Mason Mount,Mason,Mount,Mason_Mount,Midfielder,M,7,26,"5' 11""",168 lbs,,1999-01-10T08:00Z,England,360,Manchester United
241468,Manuel Ugarte,Manuel Ugarte,Manuel,Ugarte,Manuel_Ugarte,Midfielder,M,25,24,"6' 0""",170 lbs,,2001-04-11T07:00Z,Uruguay,360,Manchester United
328466,Kobbie Mainoo,Kobbie Mainoo,Kobbie,Mainoo,Kobbie_Mainoo,Midfielder,M,37,20,"5' 9""",159 lbs,,2005-04-19T07:00Z,England,360,Manchester United
259902,Matheus Cunha,Matheus Cunha,Matheus,Cunha,Matheus_Cunha,Forward,F,10,26,"6' 0""",168 lbs,,1999-05-27T07:00Z,Brazil,360,Manchester United
271170,Bryan Mbeumo,Bryan Mbeumo,Bryan,Mbeumo,Bryan_Mbeumo,Forward,F,19,26,"5' 8""",139 lbs,,1999-08-07T07:00Z,Cameroon,360,Manchester United
276327,Joshua Zirkzee,Joshua Zirkzee,Joshua,Zirkzee,Joshua_Zirkzee,Forward,F,11,24,"6' 4""",183 lbs,,2001-05-22T07:00Z,Netherlands,360,Manchester United
289155,Benjamin Sesko,Benjamin Sesko,Benjamin,Sesko,Benjamin_Sesko,Forward,F,30,22,"6' 5""",185 lbs,,2003-05-31T07:00Z,Slovenia,360,Manchester United
291630,Amad,Amad,Amad,,Amad,Forward,F,16,23,"5' 8""",159 lbs,,2002-07-11T07:00Z,Ivory Coast,360,Manchester United
375738,Chido Obi,Chido Obi,Chido,Obi,Chido_Obi,Forward,F,32,17,"6' 2""",150 lbs,,2007-11-29T08:00Z,Denmark,360,Manchester United
42359,John Ruddy,John Ruddy,John,Ruddy,John_Ruddy,Goalkeeper,G,26,39,"6' 4""",212 lbs,,1986-10-24T07:00Z,England,361,Newcastle United
141705,Mark Gillespie,Mark Gillespie,Mark,Gillespie,Mark_Gillespie,Goalkeeper,G,29,33,"6' 4""",183 lbs,,1992-03-27T08:00Z,England,361,Newcastle United
161715,Nick Pope,Nick Pope,Nick,Pope,Nick_Pope,Goalkeeper,G,1,33,"6' 3""",168 lbs,,1992-04-19T07:00Z,England,361,Newcastle United
236015,Aaron Ramsdale,Aaron Ramsdale,Aaron,Ramsdale,Aaron_Ramsdale,Goalkeeper,G,32,27,"6' 3""",192 lbs,,1998-05-14T07:00Z,England,361,Newcastle United
326220,Max Thompson,Max Thompson,Max,Thompson,Max_Thompson,Goalkeeper,G,31,21,"6' 2""",,,2004-08-01T07:00Z,England,361,Newcastle United
106139,Lewis Hall,Lewis Hall,Lewis,Hall,Lewis_Hall,Defender,D,3,21,"5' 10""",161 lbs,,2004-09-08T07:00Z,England,361,Newcastle United
143637,Kieran Trippier,Kieran Trippier,Kieran,Trippier,Kieran_Trippier,Defender,D,2,35,"5' 10""",157 lbs,,1990-09-19T07:00Z,England,361,Newcastle United
156867,Jamaal Lascelles,Jamaal Lascelles,Jamaal,Lascelles,Jamaal_Lascelles,Defender,D,6,31,"6' 2""",194 lbs,,1993-11-11T08:00Z,England,361,Newcastle United
172922,Emil Krafth,Emil Krafth,Emil,Krafth,Emil_Krafth,Defender,D,17,31,"6' 0""",183 lbs,,1994-08-02T07:00Z,Sweden,361,Newcastle United
179233,Fabian Schär,Fabian Schär,Fabian,Schär,Fabian_Schär,Defender,D,5,33,"6' 1""",183 lbs,,1991-12-20T08:00Z,Switzerland,361,Newcastle United
198138,Dan Burn,Dan Burn,Dan,Burn,Dan_Burn,Defender,D,33,33,"6' 6""",192 lbs,,1992-05-09T07:00Z,England,361,Newcastle United
274633,Sven Botman,Sven Botman,Sven,Botman,Sven_Botman,Defender,D,4,25,"6' 4""",179 lbs,,2000-01-12T08:00Z,Netherlands,361,Newcastle United
294344,Harrison Ashby,Harrison Ashby,Harrison,Ashby,Harrison_Ashby,Defender,D,30,23,"5' 10""",137 lbs,,2001-11-14T08:00Z,Scotland,361,Newcastle United
299641,Valentino Livramento,Valentino Livramento,Valentino,Livramento,Valentino_Livramento,Defender,D,21,22,"6' 0""",141 lbs,,2002-11-12T08:00Z,England,361,Newcastle United
303444,Malick Thiaw,Malick Thiaw,Malick,Thiaw,Malick_Thiaw,Defender,D,12,24,"6' 3""",174 lbs,,2001-08-08T07:00Z,Germany,361,Newcastle United
346874,Alex Murphy,Alex Murphy,Alex,Murphy,Alex_Murphy,Defender,D,37,21,"6' 2""",172 lbs,,2004-06-25T07:00Z,Republic of Ireland,361,Newcastle United
172836,Jacob Murphy,Jacob Murphy,Jacob,Murphy,Jacob_Murphy,Midfielder,M,23,30,"5' 10""",161 lbs,,1995-02-24T08:00Z,England,361,Newcastle United
202232,Joelinton,Joelinton,Joelinton,,Joelinton,Midfielder,M,7,29,"6' 1""",179 lbs,,1996-08-14T07:00Z,Brazil,361,Newcastle United
218522,Bruno Guimarães,Bruno Guimarães,Bruno,Guimarães,Bruno_Guimarães,Midfielder,M,39,27,"6' 0""",161 lbs,,1997-11-16T08:00Z,Brazil,361,Newcastle United
243386,Harvey Barnes,Harvey Barnes,Harvey,Barnes,Harvey_Barnes,Midfielder,M,11,27,"5' 9""",146 lbs,,1997-12-09T08:00Z,England,361,Newcastle United
259517,Joe Willock,Joe Willock,Joe,Willock,Joe_Willock,Midfielder,M,28,26,"5' 10""",157 lbs,,1999-08-20T07:00Z,England,361,Newcastle United
261047,Sandro Tonali,Sandro Tonali,Sandro,Tonali,Sandro_Tonali,Midfielder,M,8,25,"5' 11""",172 lbs,,2000-05-08T07:00Z,Italy,361,Newcastle United
286090,Jacob Ramsey,Jacob Ramsey,Jacob,Ramsey,Jacob_Ramsey,Midfielder,M,41,24,"5' 11""",163 lbs,,2001-05-28T07:00Z,England,361,Newcastle United
349078,Lewis Miley,Lewis Miley,Lewis,Miley,Lewis_Miley,Midfielder,M,67,19,"6' 1""",159 lbs,,2006-05-01T07:00Z,England,361,Newcastle United
224077,Yoane Wissa,Yoane Wissa,Yoane,Wissa,Yoane_Wissa,Forward,F,9,29,"5' 9""",161 lbs,,1996-09-03T07:00Z,Congo DR,361,Newcastle United
268782,Anthony Gordon,Anthony Gordon,Anthony,Gordon,Anthony_Gordon,Forward,F,10,24,"6' 0""",159 lbs,,2001-02-24T08:00Z,England,361,Newcastle United
296622,Anthony Elanga,Anthony Elanga,Anthony,Elanga,Anthony_Elanga,Forward,F,20,23,"5' 10""",152 lbs,,2002-04-27T07:00Z,Sweden,361,Newcastle United
298349,Nick Woltemade,Nick Woltemade,Nick,Woltemade,Nick_Woltemade,Forward,F,27,23,"6' 6""",196 lbs,,2002-02-14T08:00Z,Germany,361,Newcastle United
319431,William Osula,William Osula,William,Osula,William_Osula,Forward,F,18,22,"5' 11""",179 lbs,,2003-08-04T07:00Z,Denmark,361,Newcastle United
371584,Park Seung-Soo,Park Seung-Soo,Seung-Soo,Park,Park_Seung-Soo,Forward,F,64,18,"6' 0""",137 lbs,,2007-03-17T07:00Z,,361,Newcastle United
179497,Matz Sels,Matz Sels,Matz,Sels,Matz_Sels,Goalkeeper,G,26,33,"6' 2""",163 lbs,,1992-02-26T08:00Z,Belgium,393,Nottingham Forest
181299,Angus Gunn,Angus Gunn,Angus,Gunn,Angus_Gunn,Goalkeeper,G,18,29,"6' 5""",170 lbs,,1996-01-22T08:00Z,Scotland,393,Nottingham Forest
233241,John,John,John,,John,Goalkeeper,G,13,29,"6' 5""",201 lbs,,1996-02-13T08:00Z,Brazil,393,Nottingham Forest
351250,Keehan Willows,Keehan Willows,Keehan,Willows,Keehan_Willows,Goalkeeper,G,67,20,,,,2005-10-01T07:00Z,England,393,Nottingham Forest
152349,Willy Boly,Willy Boly,Willy,Boly,Willy_Boly,Defender,D,30,34,"6' 5""",203 lbs,,1991-02-03T08:00Z,Ivory Coast,393,Nottingham Forest
201304,Morato,Morato,Morato,,Morato,Defender,D,4,24,"6' 4""",192 lbs,,2001-06-30T07:00Z,Brazil,393,Nottingham Forest
206227,Ola Aina,Ola Aina,Ola,Aina,Ola_Aina,Defender,D,34,29,"6' 0""",181 lbs,,1996-10-08T07:00Z,Nigeria,393,Nottingham Forest
217482,Oleksandr Zinchenko,Oleksandr Zinchenko,Oleksandr,Zinchenko,Oleksandr_Zinchenko,Defender,D,35,28,"5' 9""",139 lbs,,1996-12-15T08:00Z,Ukraine,393,Nottingham Forest
220467,Jack Thompson,Jack Thompson,Jack,Thompson,Jack_Thompson,Defender,D,58,20,,,,2005-05-05T07:00Z,England,393,Nottingham Forest
238990,Nikola Milenkovic,Nikola Milenkovic,Nikola,Milenkovic,Nikola_Milenkovic,Defender,D,31,28,"6' 5""",196 lbs,,1997-10-12T07:00Z,Serbia,393,Nottingham Forest
291638,Neco Williams,Neco Williams,Neco,Williams,Neco_Williams,Defender,D,3,24,"6' 0""",159 lbs,,2001-04-13T07:00Z,Wales,393,Nottingham Forest
338876,Jair Paula,Jair Paula,Jair,Cunha,Jair_Paula,Defender,D,23,20,"6' 6""",192 lbs,,2005-03-07T08:00Z,Brazil,393,Nottingham Forest
338894,Murillo,Murillo,Murillo,,Murillo,Defender,D,5,23,"5' 11""",163 lbs,,2002-07-04T07:00Z,Brazil,393,Nottingham Forest
348303,Zach Abbott,Zach Abbott,Zach,Abbott,Zach_Abbott,Defender,D,44,19,"5' 11""",152 lbs,,2006-05-13T07:00Z,England,393,Nottingham Forest
366236,Ben Hammond,Ben Hammond,Ben,Hammond,Ben_Hammond,Defender,D,64,21,,,,2004-10-02T07:00Z,Wales,393,Nottingham Forest
388024,Nicolò Savona,Nicolò Savona,Nicolò,Savona,Nicolò_Savona,Defender,D,37,22,"6' 4""",174 lbs,,2003-03-19T08:00Z,Italy,393,Nottingham Forest
213718,Ibrahim Sangaré,Ibrahim Sangaré,Ibrahim,Sangaré,Ibrahim_Sangaré,Midfielder,M,6,27,"6' 3""",170 lbs,,1997-12-02T08:00Z,Ivory Coast,393,Nottingham Forest
238472,Elliot Anderson,Elliot Anderson,Elliot,Anderson,Elliot_Anderson,Midfielder,M,8,23,"5' 10""",150 lbs,,2002-11-06T08:00Z,England,393,Nottingham Forest
241253,Ryan Yates,Ryan Yates,Ryan,Yates,Ryan_Yates,Midfielder,M,22,27,"6' 3""",192 lbs,,1997-11-21T08:00Z,England,393,Nottingham Forest
243396,Morgan Gibbs-White,Morgan Gibbs-White,Morgan,Gibbs-White,Morgan_Gibbs-White,Midfielder,M,10,25,"5' 7""",146 lbs,,2000-01-27T08:00Z,England,393,Nottingham Forest
254118,Nicolás Domínguez,Nicolás Domínguez,Nicolás,Domínguez,Nicolás_Domínguez,Midfielder,M,16,27,"5' 10""",161 lbs,,1998-06-28T07:00Z,Argentina,393,Nottingham Forest
298518,James McAtee,James McAtee,James,McAtee,James_McAtee,Midfielder,M,24,23,"5' 11""",159 lbs,,2002-10-18T07:00Z,England,393,Nottingham Forest
320074,Douglas Luiz,Douglas Luiz,Douglas,Luiz,Douglas_Luiz,Midfielder,M,12,27,"5' 9""",146 lbs,,1998-05-09T07:00Z,Brazil,393,Nottingham Forest
366249,Jimmy Sinclair,Jimmy Sinclair,Jimmy,Sinclair,Jimmy_Sinclair,Midfielder,M,61,19,,,,2006-08-11T07:00Z,England,393,Nottingham Forest
374133,Archie Whitehall,Archie Whitehall,Archie,Whitehall,Archie_Whitehall,Midfielder,M,51,19,,,,2006-05-21T07:00Z,England,393,Nottingham Forest
134190,Chris Wood,Chris Wood,Chris,Wood,Chris_Wood,Forward,F,11,33,"6' 3""",179 lbs,,1991-12-07T08:00Z,New Zealand,393,Nottingham Forest
194686,Taiwo Awoniyi,Taiwo Awoniyi,Taiwo,Awoniyi,Taiwo_Awoniyi,Forward,F,9,28,"6' 0""",183 lbs,,1997-08-12T07:00Z,Nigeria,393,Nottingham Forest
261419,Callum Hudson-Odoi,Callum Hudson-Odoi,Callum,Hudson-Odoi,Callum_Hudson-Odoi,Forward,F,7,25,"6' 0""",168 lbs,,2000-11-07T08:00Z,England,393,Nottingham Forest
275842,Dan Ndoye,Dan Ndoye,Dan,Ndoye,Dan_Ndoye,Forward,F,14,25,"6' 0""",172 lbs,,2000-10-25T07:00Z,Switzerland,393,Nottingham Forest
287869,Igor Jesus,Igor Jesus,Igor Jesus,,Igor_Jesus,Forward,F,19,24,"5' 11""",161 lbs,,2001-02-25T08:00Z,Brazil,393,Nottingham Forest
296321,Arnaud Kalimuendo,Arnaud Kalimuendo,Arnaud,Kalimuendo,Arnaud_Kalimuendo,Forward,F,15,23,"5' 10""",172 lbs,,2002-01-20T08:00Z,France,393,Nottingham Forest
297157,Dilane Bakwa,Dilane Bakwa,Dilane,Bakwa,Dilane_Bakwa,Forward,F,29,23,"5' 11""",163 lbs,,2002-08-26T07:00Z,France,393,Nottingham Forest
322771,Omari Hutchinson,Omari Hutchinson,Omari,Hutchinson,Omari_Hutchinson,Forward,F,21,22,"5' 9""",141 lbs,,2003-10-30T08:00Z,England,393,Nottingham Forest
375234,Zyan Blake,Zyan Blake,Zyan,Blake,Zyan_Blake,Forward,F,77,17,,,,2007-11-13T08:00Z,England,393,Nottingham Forest
138481,Simon Moore,Simon Moore,Simon,Moore,Simon_Moore,Goalkeeper,G,21,35,"6' 3""",183 lbs,,1990-05-19T07:00Z,England,366,Sunderland
281705,Anthony Patterson,Anthony Patterson,Anthony,Patterson,Anthony_Patterson,Goalkeeper,G,1,25,"6' 2""",170 lbs,,2000-05-10T07:00Z,England,366,Sunderland
301449,Robin Roefs,Robin Roefs,Robin,Roefs,Robin_Roefs,Goalkeeper,G,22,22,"6' 4""",159 lbs,,2003-01-17T08:00Z,Netherlands,366,Sunderland
304207,Blondy Nna Noukeu,Blondy Nna Noukeu,Blondy,Nna Noukeu,Blondy_Nna_Noukeu,Goalkeeper,G,16,24,"6' 0""",152 lbs,,2001-05-31T07:00Z,Cameroon,366,Sunderland
165892,Arthur Masuaku,Arthur Masuaku,Arthur,Masuaku,Arthur_Masuaku,Defender,D,26,32,"5' 10""",174 lbs,,1993-11-07T08:00Z,Congo DR,366,Sunderland
214188,Nordi Mukiele,Nordi Mukiele,Nordi,Mukiele,Nordi_Mukiele,Defender,D,20,28,"6' 2""",183 lbs,,1997-11-01T08:00Z,France,366,Sunderland
215401,Omar Alderete,Omar Alderete,Omar,Alderete,Omar_Alderete,Defender,D,15,28,"6' 2""",170 lbs,,1996-12-26T08:00Z,Paraguay,366,Sunderland
230081,Reinildo Mandava,Reinildo Mandava,Reinildo,Mandava,Reinildo_Mandava,Defender,D,17,31,"6' 0""",161 lbs,,1994-01-21T08:00Z,Mozambique,366,Sunderland
243545,Ajibola Alese,Ajibola Alese,Ajibola,Alese,Ajibola_Alese,Defender,D,42,24,"6' 4""",174 lbs,,2001-01-17T08:00Z,England,366,Sunderland
243578,Jenson Arron Jones,Jenson Arron Jones,Jenson Arron,Jones,Jenson_Arron_Jones,Defender,D,51,19,"6' 0""",,,2006-06-26T07:00Z,England,366,Sunderland
264828,Lutsharel Geertruida,Lutsharel Geertruida,Lutsharel,Geertruida,Lutsharel_Geertruida,Defender,D,6,25,"6' 0""",150 lbs,,2000-07-18T07:00Z,Netherlands,366,Sunderland
282645,Danny Ballard,Danny Ballard,Danny,Ballard,Danny_Ballard,Defender,D,5,26,"6' 2""",185 lbs,,1999-09-22T07:00Z,Northern Ireland,366,Sunderland
290207,Trai Hume,Trai Hume,Trai,Hume,Trai_Hume,Defender,D,32,23,"5' 11""",163 lbs,,2002-03-18T08:00Z,Northern Ireland,366,Sunderland
293344,Joseph Anderson,Joseph Anderson,Joseph,Anderson,Joseph_Anderson,Defender,D,45,24,"6' 2""",179 lbs,,2001-02-06T08:00Z,England,366,Sunderland
297167,Timothee Pembélé,Timothee Pembélé,Timothee,Pembélé,Timothee_Pembélé,Defender,D,,23,"6' 0""",174 lbs,,2002-09-09T07:00Z,France,366,Sunderland
301487,Dennis Cirkin,Dennis Cirkin,Dennis,Cirkin,Dennis_Cirkin,Defender,D,3,23,"6' 0""",172 lbs,,2002-04-06T08:00Z,England,366,Sunderland
312592,Leo Fuhr Hjelde,Leo Fuhr Hjelde,Leo Fuhr,Hjelde,Leo_Fuhr_Hjelde,Defender,D,33,22,"6' 3""",163 lbs,,2003-08-26T07:00Z,Norway,366,Sunderland
329644,Zak Johnson,Zak Johnson,Zak,Johnson,Zak_Johnson,Defender,D,41,21,"6' 0""",172 lbs,,2004-07-30T07:00Z,England,366,Sunderland
56820,Abdoullah Ba,Abdoullah Ba,Abdoullah,Ba,Abdoullah_Ba,Midfielder,M,,22,"5' 11""",152 lbs,,2003-07-31T07:00Z,France,366,Sunderland
149981,Granit Xhaka,Granit Xhaka,Granit,Xhaka,Granit_Xhaka,Midfielder,M,34,33,"6' 1""",174 lbs,,1992-09-27T07:00Z,Switzerland,366,Sunderland
191574,Luke O'Nien,Luke O'Nien,Luke,O'Nien,Luke_O'Nien,Midfielder,M,13,30,"5' 9""",161 lbs,,1994-11-21T08:00Z,England,366,Sunderland
236211,Jack Whittaker,Jack Whittaker,Jack,Whittaker,Jack_Whittaker,Midfielder,M,53,19,,,,2006-10-14T07:00Z,England,366,Sunderland
283179,Daniel Neil,Daniel Neil,Daniel,Neil,Daniel_Neil,Midfielder,M,4,23,"6' 1""",137 lbs,,2001-12-13T08:00Z,England,366,Sunderland
288340,Enzo Le Fée,Enzo Le Fée,Enzo,Le Fée,Enzo_Le_Fée,Midfielder,M,28,25,"5' 7""",139 lbs,,2000-02-03T08:00Z,France,366,Sunderland
296464,Jay Matete,Jay Matete,Jay,Matete,Jay_Matete,Midfielder,M,,24,"5' 9""",132 lbs,,2001-02-11T08:00Z,England,366,Sunderland
324991,Habib Diarra,Habib Diarra,Mouhamadou,Diarra,Habib_Diarra,Midfielder,M,19,21,"5' 10""",161 lbs,,2004-01-03T08:00Z,Senegal,366,Sunderland
329646,Ben Middlemas,Ben Middlemas,Ben,Middlemas,Ben_Middlemas,Midfielder,M,55,20,"6' 0""",139 lbs,,2004-12-13T08:00Z,England,366,Sunderland
340240,Noah Sadiki,Noah Sadiki,Noah,Sadiki,Noah_Sadiki,Midfielder,M,27,20,"5' 5""",128 lbs,,2004-12-17T08:00Z,Belgium,366,Sunderland
356295,Chris Rigg,Chris Rigg,Chris,Rigg,Chris_Rigg,Midfielder,M,11,18,"5' 10""",141 lbs,,2007-06-18T07:00Z,England,366,Sunderland
381475,Harrison Jones,Harrison Jones,Harrison,Jones,Harrison_Jones,Midfielder,M,50,20,"5' 10""",150 lbs,,2004-12-25T08:00Z,England,366,Sunderland
409743,Jayden Jones,Jayden Jones,Jayden,Jones,Jayden_Jones,Midfielder,M,52,19,"5' 9""",,,2006-11-03T08:00Z,England,366,Sunderland
169661,Bertrand Traoré,Bertrand Traoré,Bertrand,Traoré,Bertrand_Traoré,Forward,F,25,30,"5' 11""",161 lbs,,1995-09-06T07:00Z,Burkina Faso,366,Sunderland
264251,Ian Poveda-Ocampo,Ian Poveda-Ocampo,Ian,Poveda-Ocampo,Ian_Poveda-Ocampo,Forward,F,36,25,"5' 6""",139 lbs,,2000-02-09T08:00Z,Colombia,366,Sunderland
265915,Wilson Isidor,Wilson Isidor,Wilson,Isidor,Wilson_Isidor,Forward,F,18,25,"6' 1""",172 lbs,,2000-08-27T07:00Z,France,366,Sunderland
282229,Brian Brobbey,Brian Brobbey,Brian,Brobbey,Brian_Brobbey,Forward,F,9,23,"5' 11""",172 lbs,,2002-02-01T08:00Z,Netherlands,366,Sunderland
317404,Simon Adingra,Simon Adingra,Simon,Adingra,Simon_Adingra,Forward,F,24,23,"5' 9""",150 lbs,,2002-01-01T08:00Z,Ivory Coast,366,Sunderland
323084,Romaine Mundle,Romaine Mundle,Romaine,Mundle,Romaine_Mundle,Forward,F,14,22,"5' 11""",132 lbs,,2003-04-24T07:00Z,England,366,Sunderland
332862,Eliezer Mayenda,Eliezer Mayenda,Eliezer,Mayenda,Eliezer_Mayenda,Forward,F,12,20,"5' 11""",163 lbs,,2005-05-08T07:00Z,Spain,366,Sunderland
359150,Ahmed Abdullahi,Ahmed Abdullahi,Ahmed,Abdullahi,Ahmed_Abdullahi,Forward,F,29,21,"5' 11""",163 lbs,,2004-06-19T07:00Z,Nigeria,366,Sunderland
360062,Chemsdine Talbi,Chemsdine Talbi,Chemsdine,Talbi,Chemsdine_Talbi,Forward,F,7,20,"5' 9""",141 lbs,,2005-05-09T07:00Z,Morocco,366,Sunderland
387460,Tymur Tutierov,Tymur Tutierov,Tymur,Tutierov,Tymur_Tutierov,Forward,F,57,20,"6' 0""",152 lbs,,2005-06-11T07:00Z,Ukraine,366,Sunderland
204082,Guglielmo Vicario,Guglielmo Vicario,Guglielmo,Vicario,Guglielmo_Vicario,Goalkeeper,G,1,29,"6' 4""",183 lbs,,1996-10-07T07:00Z,Italy,367,Tottenham Hotspur
259942,Brandon Austin,Brandon Austin,Brandon,Austin,Brandon_Austin,Goalkeeper,G,40,26,"6' 2""",181 lbs,,1999-01-08T08:00Z,England,367,Tottenham Hotspur
324393,Antonin Kinsky,Antonin Kinsky,Antonin,Kinsky,Antonin_Kinsky,Goalkeeper,G,31,22,"6' 3""",183 lbs,,2003-03-13T08:00Z,Czechia,367,Tottenham Hotspur
359158,Luca Gunter,Luca Gunter,Luca,Gunter,Luca_Gunter,Goalkeeper,G,46,20,,,,2005-03-23T08:00Z,England,367,Tottenham Hotspur
6327,Ben Davies,Ben Davies,Ben,Davies,Ben_Davies,Defender,D,33,32,"5' 11""",170 lbs,,1993-04-24T07:00Z,Wales,367,Tottenham Hotspur
96970,Cristian Romero,Cristian Romero,Cristian,Romero,Cristian_Romero,Defender,D,17,27,"6' 1""",172 lbs,,1998-04-27T07:00Z,Argentina,367,Tottenham Hotspur
250543,Kevin Danso,Kevin Danso,Kevin,Danso,Kevin_Danso,Defender,D,4,27,"6' 3""",185 lbs,,1998-09-19T07:00Z,Austria,367,Tottenham Hotspur
267711,Djed Spence,Djed Spence,Djed,Spence,Djed_Spence,Defender,D,24,25,"6' 1""",157 lbs,,2000-08-09T07:00Z,England,367,Tottenham Hotspur
268533,Pedro Porro,Pedro Porro,Pedro,Porro,Pedro_Porro,Defender,D,23,26,"5' 8""",150 lbs,,1999-09-13T07:00Z,Spain,367,Tottenham Hotspur
290076,Destiny Udogie,Destiny Udogie,Destiny,Udogie,Destiny_Udogie,Defender,D,13,22,"6' 1""",161 lbs,,2002-11-28T08:00Z,Italy,367,Tottenham Hotspur
296512,Micky van de Ven,Micky van de Ven,Micky,van de Ven,Micky_van_de_Ven,Defender,D,37,24,"6' 4""",179 lbs,,2001-04-19T07:00Z,Netherlands,367,Tottenham Hotspur
310216,Radu Dragusin,Radu Dragusin,Radu,Dragusin,Radu_Dragusin,Defender,D,3,23,"6' 3""",185 lbs,,2002-02-03T08:00Z,Romania,367,Tottenham Hotspur
328492,Kota Takai,Kota Takai,Kota,Takai,Kota_Takai,Defender,D,25,21,"6' 4""",183 lbs,,2004-09-04T07:00Z,Japan,367,Tottenham Hotspur
387932,James Rowswell,James Rowswell,James,Rowswell,James_Rowswell,Defender,D,76,19,"6' 2""",,,2006-07-13T07:00Z,England,367,Tottenham Hotspur
396748,Malachi Hardy,Malachi Hardy,Malachi,Hardy,Malachi_Hardy,Defender,D,66,17,"6' 4""",172 lbs,,2008-03-10T07:00Z,England,367,Tottenham Hotspur
403835,Jun'Ai Byfield,Jun'Ai Byfield,Jun'Ai,Byfield,Jun'Ai_Byfield,Defender,D,67,16,"6' 2""",,,2008-12-06T08:00Z,England,367,Tottenham Hotspur
194450,James Maddison,James Maddison,James,Maddison,James_Maddison,Midfielder,M,10,28,"5' 9""",161 lbs,,1996-11-23T08:00Z,England,367,Tottenham Hotspur
215772,Rodrigo Bentancur,Rodrigo Bentancur,Rodrigo,Bentancur,Rodrigo_Bentancur,Midfielder,M,30,28,"6' 2""",159 lbs,,1997-06-25T07:00Z,Uruguay,367,Tottenham Hotspur
224144,João Palhinha,João Palhinha,João,Palhinha,João_Palhinha,Midfielder,M,6,30,"6' 3""",183 lbs,,1995-07-09T07:00Z,Portugal,367,Tottenham Hotspur
232810,Yves Bissouma,Yves Bissouma,Yves,Bissouma,Yves_Bissouma,Midfielder,M,8,29,"6' 0""",174 lbs,,1996-08-30T07:00Z,Mali,367,Tottenham Hotspur
266599,Mohammed Kudus,Mohammed Kudus,Mohammed,Kudus,Mohammed_Kudus,Midfielder,M,20,25,"5' 10""",152 lbs,,2000-08-02T07:00Z,Ghana,367,Tottenham Hotspur
272695,Dejan Kulusevski,Dejan Kulusevski,Dejan,Kulusevski,Dejan_Kulusevski,Midfielder,M,21,25,"6' 1""",174 lbs,,2000-04-25T07:00Z,Sweden,367,Tottenham Hotspur
297337,Pape Matar Sarr,Pape Matar Sarr,Pape Matar,Sarr,Pape_Matar_Sarr,Midfielder,M,29,23,"6' 1""",152 lbs,,2002-09-14T07:00Z,Senegal,367,Tottenham Hotspur
328050,Archie Gray,Archie Gray,Archie,Gray,Archie_Gray,Midfielder,M,14,19,"6' 2""",152 lbs,,2006-03-12T08:00Z,England,367,Tottenham Hotspur
332962,Xavi Simons,Xavi Simons,Xavi,Simons,Xavi_Simons,Midfielder,M,7,22,"5' 10""",128 lbs,,2003-04-21T07:00Z,Netherlands,367,Tottenham Hotspur
356379,Lucas Bergvall,Lucas Bergvall,Lucas,Bergvall,Lucas_Bergvall,Midfielder,M,15,19,"6' 2""",161 lbs,,2006-02-02T08:00Z,Sweden,367,Tottenham Hotspur
367520,Rio Kyerematen,Rio Kyerematen,Rio,Kyerematen,Rio_Kyerematen,Midfielder,M,57,20,"5' 9""",150 lbs,,2005-06-09T07:00Z,England,367,Tottenham Hotspur
372016,Callum Olusesi,Callum Olusesi,Callum,Olusesi,Callum_Olusesi,Midfielder,M,52,18,"5' 9""",141 lbs,,2007-03-11T08:00Z,England,367,Tottenham Hotspur
395939,Luca Williams-Barnett,Luca Williams-Barnett,Luca,Williams-Barnett,Luca_Williams-Barnett,Midfielder,M,68,17,"5' 10""",,,2008-10-01T07:00Z,England,367,Tottenham Hotspur
156799,Richarlison,Richarlison,Richarlison,,Richarlison,Forward,F,9,28,"6' 0""",183 lbs,,1997-05-10T07:00Z,Brazil,367,Tottenham Hotspur
194115,Dominic Solanke,Dominic Solanke,Dominic,Solanke,Dominic_Solanke,Forward,F,19,28,"6' 2""",174 lbs,,1997-09-14T07:00Z,England,367,Tottenham Hotspur
252971,Randal Kolo Muani,Randal Kolo Muani,Randal,Kolo Muani,Randal_Kolo_Muani,Forward,F,39,26,"6' 2""",161 lbs,,1998-12-05T08:00Z,France,367,Tottenham Hotspur
291307,Brennan Johnson,Brennan Johnson,Brennan,Johnson,Brennan_Johnson,Forward,F,22,24,"6' 1""",161 lbs,,2001-05-23T07:00Z,Wales,367,Tottenham Hotspur
306012,Dane Scarlett,Dane Scarlett,Dane,Scarlett,Dane_Scarlett,Forward,F,44,21,"5' 11""",168 lbs,,2004-03-24T08:00Z,England,367,Tottenham Hotspur
325042,Mathys Tel,Mathys Tel,Mathys,Tel,Mathys_Tel,Forward,F,11,20,"6' 0""",170 lbs,,2005-04-27T07:00Z,France,367,Tottenham Hotspur
345687,Wilson Odobert,Wilson Odobert,Wilson,Odobert,Wilson_Odobert,Forward,F,28,20,"6' 0""",168 lbs,,2004-11-28T08:00Z,France,367,Tottenham Hotspur
350633,Yusuf Akhamrich,Yusuf Akhamrich,Yusuf,Akhamrich,Yusuf_Akhamrich,Forward,F,70,20,"6' 0""",,,2005-09-05T07:00Z,Morocco,367,Tottenham Hotspur
397881,Tynan Thompson,Tynan Thompson,Tynan,Thompson,Tynan_Thompson,Forward,F,54,17,,,,2008-04-17T07:00Z,England,367,Tottenham Hotspur
77403,Lukasz Fabianski,Lukasz Fabianski,Lukasz,Fabianski,Lukasz_Fabianski,Goalkeeper,G,22,40,"6' 3""",183 lbs,,1985-04-18T08:00Z,Poland,371,West Ham United
148987,Alphonse Areola,Alphonse Areola,Alphonse,Areola,Alphonse_Areola,Goalkeeper,G,23,32,"6' 5""",205 lbs,,1993-02-27T08:00Z,France,371,West Ham United
281564,Mads Hermansen,Mads Hermansen,Mads,Hermansen,Mads_Hermansen,Goalkeeper,G,1,25,"6' 2""",179 lbs,,2000-07-11T07:00Z,Denmark,371,West Ham United
229967,Max Kilman,Max Kilman,Max,Kilman,Max_Kilman,Defender,D,3,28,"6' 4""",194 lbs,,1997-05-23T07:00Z,England,371,West Ham United
234143,Igor Julio,Igor Julio,Igor Julio,,Igor_Julio,Defender,D,5,27,"6' 1""",185 lbs,,1998-02-07T08:00Z,Brazil,371,West Ham United
235129,Kyle Walker-Peters,Kyle Walker-Peters,Kyle,Walker-Peters,Kyle_Walker-Peters,Defender,D,2,28,"5' 8""",137 lbs,,1997-04-13T07:00Z,England,371,West Ham United
242705,Konstantinos Mavropanos,Konstantinos Mavropanos,Konstantinos,Mavropanos,Konstantinos_Mavropanos,Defender,D,15,27,"6' 4""",205 lbs,,1997-12-11T08:00Z,Greece,371,West Ham United
250945,Aaron Wan-Bissaka,Aaron Wan-Bissaka,Aaron,Wan-Bissaka,Aaron_Wan-Bissaka,Defender,D,29,27,"6' 0""",159 lbs,,1997-11-26T08:00Z,England,371,West Ham United
277327,Jean-Clair Todibo,Jean-Clair Todibo,Jean-Clair,Todibo,Jean-Clair_Todibo,Defender,D,25,25,"6' 4""",192 lbs,,1999-12-30T08:00Z,France,371,West Ham United
350502,Oliver Scarles,Oliver Scarles,Oliver,Scarles,Oliver_Scarles,Defender,D,30,19,"6' 0""",163 lbs,,2005-12-12T08:00Z,England,371,West Ham United
359796,El Hadji Malick Diouf,El Hadji Malick Diouf,El Hadji Malick,Diouf,El_Hadji_Malick_Diouf,Defender,D,12,20,"6' 0""",,,2004-12-28T08:00Z,Senegal,371,West Ham United
380182,Ezra Mayers,Ezra Mayers,Ezra,Mayers,Ezra_Mayers,Defender,D,63,18,"6' 0""",,,2007-01-16T08:00Z,England,371,West Ham United
163111,James Ward-Prowse,James Ward-Prowse,James,Ward-Prowse,James_Ward-Prowse,Midfielder,M,8,31,"5' 10""",146 lbs,,1994-11-01T08:00Z,England,371,West Ham United
212185,Guido Rodríguez,Guido Rodríguez,Guido,Rodríguez,Guido_Rodríguez,Midfielder,M,24,31,"6' 1""",174 lbs,,1994-04-12T07:00Z,Argentina,371,West Ham United
230666,Tomás Soucek,Tomás Soucek,Tomás,Soucek,Tomás_Soucek,Midfielder,M,28,30,"6' 4""",190 lbs,,1995-02-27T08:00Z,Czechia,371,West Ham United
234715,Lucas Paquetá,Lucas Paquetá,Lucas,Paquetá,Lucas_Paquetá,Midfielder,M,10,28,"5' 11""",159 lbs,,1997-08-27T07:00Z,Brazil,371,West Ham United
239253,Andrew Irving,Andrew Irving,Andrew,Irving,Andrew_Irving,Midfielder,M,39,25,"6' 3""",146 lbs,,2000-05-13T07:00Z,Scotland,371,West Ham United
310325,Freddie Potts,Freddie Potts,Freddie,Potts,Freddie_Potts,Midfielder,M,32,22,"6' 0""",,,2003-09-12T07:00Z,England,371,West Ham United
333240,Soungoutou Magassa,Soungoutou Magassa,Soungoutou,Magassa,Soungoutou_Magassa,Midfielder,M,27,22,"6' 2""",174 lbs,,2003-10-08T07:00Z,France,371,West Ham United
346820,Mateus Fernandes,Mateus Fernandes,Mateus,Fernandes,Mateus_Fernandes,Midfielder,M,18,21,"5' 10""",159 lbs,,2004-07-10T07:00Z,Portugal,371,West Ham United
348777,George Earthy,George Earthy,George,Earthy,George_Earthy,Midfielder,M,40,21,"5' 11""",152 lbs,,2004-09-05T07:00Z,England,371,West Ham United
138924,Callum Wilson,Callum Wilson,Callum,Wilson,Callum_Wilson,Forward,F,9,33,"5' 11""",146 lbs,,1992-02-27T08:00Z,England,371,West Ham United
170257,Niclas Füllkrug,Niclas Füllkrug,Niclas,Füllkrug,Niclas_Füllkrug,Forward,F,11,32,"6' 2""",183 lbs,,1993-02-09T08:00Z,Germany,371,West Ham United
201089,Jarrod Bowen,Jarrod Bowen,Jarrod,Bowen,Jarrod_Bowen,Forward,F,20,28,"5' 9""",152 lbs,,1996-12-20T08:00Z,England,371,West Ham United
284792,Crysencio Summerville,Crysencio Summerville,Crysencio,Summerville,Crysencio_Summerville,Forward,F,7,24,"5' 9""",139 lbs,,2001-10-30T08:00Z,Netherlands,371,West Ham United
346915,Callum Marshall,Callum Marshall,Callum,Marshall,Callum_Marshall,Forward,F,50,20,"5' 8""",,,2004-11-28T08:00Z,Northern Ireland,371,West Ham United
361429,Luis Guilherme,Luis Guilherme,Luis Guilherme,Lira Dos Santos,Luis_Guilherme,Forward,F,17,19,"5' 10""",161 lbs,,2006-02-09T08:00Z,Brazil,371,West Ham United
143007,Daniel Bentley,Daniel Bentley,Daniel,Bentley,Daniel_Bentley,Goalkeeper,G,25,32,"6' 2""",161 lbs,,1993-07-13T07:00Z,England,380,Wolverhampton Wanderers
162338,Sam Johnstone,Sam Johnstone,Sam,Johnstone,Sam_Johnstone,Goalkeeper,G,31,32,"6' 4""",185 lbs,,1993-03-25T08:00Z,England,380,Wolverhampton Wanderers
181278,José Sá,José Sá,José,Sá,José_Sá,Goalkeeper,G,1,32,"6' 4""",183 lbs,,1993-01-17T08:00Z,Portugal,380,Wolverhampton Wanderers
43575,Matt Doherty,Matt Doherty,Matt,Doherty,Matt_Doherty,Defender,D,2,33,"6' 1""",174 lbs,,1992-01-16T08:00Z,Republic of Ireland,380,Wolverhampton Wanderers
151714,Ladislav Krejcí,Ladislav Krejcí,Ladislav,Krejcí,Ladislav_Krejcí,Defender,D,37,26,"6' 3""",192 lbs,,1999-04-20T07:00Z,Czechia,380,Wolverhampton Wanderers
189777,Hugo Bueno,Hugo Bueno,Hugo,Bueno,Hugo_Bueno,Defender,D,3,23,"5' 11""",161 lbs,,2002-09-18T07:00Z,Spain,380,Wolverhampton Wanderers
241225,Santiago Bueno,Santiago Bueno,Santiago,Bueno,Santiago_Bueno,Defender,D,4,26,"6' 3""",168 lbs,,1998-11-09T08:00Z,Uruguay,380,Wolverhampton Wanderers
284591,Ki-Jana Hoever,Ki-Jana Hoever,Ki-Jana,Hoever,Ki-Jana_Hoever,Defender,D,26,23,"6' 0""",141 lbs,,2002-01-18T08:00Z,Netherlands,380,Wolverhampton Wanderers
301462,Yerson Mosquera,Yerson Mosquera,Yerson,Mosquera,Yerson_Mosquera,Defender,D,15,24,"6' 2""",168 lbs,,2001-05-02T07:00Z,Colombia,380,Wolverhampton Wanderers
308449,Emmanuel Agbadou,Emmanuel Agbadou,Emmanuel,Agbadou,Emmanuel_Agbadou,Defender,D,12,28,"6' 4""",174 lbs,,1997-06-17T07:00Z,Ivory Coast,380,Wolverhampton Wanderers
308456,Rodrigo Gomes,Rodrigo Gomes,Rodrigo,Gomes,Rodrigo_Gomes,Defender,D,21,22,"5' 9""",148 lbs,,2003-07-07T07:00Z,Portugal,380,Wolverhampton Wanderers
312186,Jackson Tchatchoua,Jackson Tchatchoua,Jackson,Tchatchoua,Jackson_Tchatchoua,Defender,D,38,24,"6' 1""",168 lbs,,2001-09-14T07:00Z,Cameroon,380,Wolverhampton Wanderers
313361,David Wolfe,David Wolfe,David,Wolfe,David_Wolfe,Defender,D,6,23,"6' 1""",172 lbs,,2002-04-23T07:00Z,Norway,380,Wolverhampton Wanderers
320848,Toti Gomes,Toti Gomes,Toti,Gomes,Toti_Gomes,Defender,D,24,26,"6' 2""",159 lbs,,1999-01-16T08:00Z,Portugal,380,Wolverhampton Wanderers
239566,Jhon Arias,Jhon Arias,Jhon,Arias,Jhon_Arias,Midfielder,M,10,28,"5' 7""",170 lbs,,1997-09-21T07:00Z,Colombia,380,Wolverhampton Wanderers
240369,Jean-Ricner Bellegarde,Jean-Ricner Bellegarde,Jean-Ricner,Bellegarde,Jean-Ricner_Bellegarde,Midfielder,M,27,27,"5' 7""",152 lbs,,1998-06-27T07:00Z,Haiti,380,Wolverhampton Wanderers
266096,Marshall Munetsi,Marshall Munetsi,Marshall,Munetsi,Marshall_Munetsi,Midfielder,M,5,29,"6' 2""",183 lbs,,1996-06-22T07:00Z,Zimbabwe,380,Wolverhampton Wanderers
301524,João Gomes,João Gomes,João,Gomes,João_Gomes,Midfielder,M,8,24,"5' 9""",161 lbs,,2001-02-12T08:00Z,Brazil,380,Wolverhampton Wanderers
304216,André,André,André,,André,Midfielder,M,7,24,"5' 9""",170 lbs,,2001-07-16T07:00Z,Brazil,380,Wolverhampton Wanderers
237224,Hwang Hee-Chan,Hwang Hee-Chan,Hwang,Hee-Chan,Hwang_Hee-Chan,Forward,F,11,29,"5' 10""",170 lbs,,1996-01-26T08:00Z,South Korea,380,Wolverhampton Wanderers
252747,Jørgen Strand Larsen,Jørgen Strand Larsen,Jørgen Strand,Larsen,Jørgen_Strand_Larsen,Forward,F,9,25,"6' 4""",172 lbs,,2000-02-06T08:00Z,Norway,380,Wolverhampton Wanderers
298938,Tawanda Chirewa,Tawanda Chirewa,Tawanda,Chirewa,Tawanda_Chirewa,Forward,F,23,22,"5' 11""",159 lbs,,2003-10-12T07:00Z,Zimbabwe,380,Wolverhampton Wanderers
305372,Tolu Arokodare,Tolu Arokodare,Tolu,Arokodare,Tolu_Arokodare,Forward,F,14,24,"6' 6""",214 lbs,,2000-11-23T08:00Z,Nigeria,380,Wolverhampton Wanderers
349723,Enso González,Enso González,Enso,González,Enso_González,Forward,F,30,20,"5' 7""",150 lbs,,2005-01-20T08:00Z,Paraguay,380,Wolverhampton Wanderers
380196,Mateus Mane,Mateus Mane,Mateus,Mane,Mateus_Mane,Forward,F,36,18,"5' 9""",,,2007-09-16T07:00Z,England,380,Wolverhampton Wanderers
395625,Fernando López,Fernando López,Fernando,López,Fernando_López,Forward,F,28,21,"6' 2""",168 lbs,,2004-05-24T07:00Z,Spain,380,Wolverhampton Wanderers
